start_timestamp,end_timestamp,ASIN,purchased_marketplace,preferred_marketplace,device_family,device_serial_number,device_software_version,content_type,total_reading_millis,number_of_page_flips
2020-08-23T10:00:53Z,2020-08-23T10:05:02Z,B00TXHGWDU,,www.amazon.com,,AED26E441159442B9D1AF61BA9BCCE4A,1183055972,E-Book Sample,248600,151
2020-08-23T10:10:06Z,2020-08-23T10:10:11Z,B00KWG5VQU,,www.amazon.com,,AED26E441159442B9D1AF61BA9BCCE4A,1183055972,E-Book Sample,5100,3
2020-08-23T10:05:31Z,2020-08-23T10:05:53Z,B00TXHGWDU,,www.amazon.com,,AED26E441159442B9D1AF61BA9BCCE4A,1183055972,E-Book Sample,22200,7
2020-08-24T03:48:11Z,2020-08-24T03:56:37Z,B00KWG5VQU,,www.amazon.com,,1D969BCA31204FBA979F953C6A2076F1,1183055972,E-Book Sample,505900,40
2020-08-23T10:05:08Z,2020-08-23T10:05:11Z,B00TXHGWDU,,www.amazon.com,,AED26E441159442B9D1AF61BA9BCCE4A,1183055972,E-Book Sample,3100,3
2020-08-24T03:56:44Z,2020-08-24T03:56:47Z,B00KWG5VQU,,www.amazon.com,,1D969BCA31204FBA979F953C6A2076F1,1183055972,E-Book Sample,2900,1
2020-08-23T11:01:24Z,2020-08-23T11:02:01Z,B00KWG5VQU,,www.amazon.com,,1D969BCA31204FBA979F953C6A2076F1,1183055972,E-Book Sample,36900,22
2020-08-23T10:10:29Z,2020-08-23T10:12:06Z,B00KWG5VQU,,www.amazon.com,,AED26E441159442B9D1AF61BA9BCCE4A,1183055972,E-Book Sample,96600,101
2020-08-23T11:26:34Z,2020-08-23T11:26:35Z,B00KWG5VQU,,www.amazon.com,,AED26E441159442B9D1AF61BA9BCCE4A,1183055972,E-Book Sample,1700,2
2020-08-23T11:24:15Z,2020-08-23T11:26:04Z,B00KWG5VQU,,www.amazon.com,,AED26E441159442B9D1AF61BA9BCCE4A,1183055972,E-Book Sample,109500,14
2020-08-23T10:05:14Z,2020-08-23T10:05:26Z,B00TXHGWDU,,www.amazon.com,,AED26E441159442B9D1AF61BA9BCCE4A,1183055972,E-Book Sample,11700,1
2020-08-26T18:42:24Z,2020-08-26T18:42:36Z,B00KWG5VQU,,www.amazon.com,,AED26E441159442B9D1AF61BA9BCCE4A,1183055972,E-Book Sample,11700,7
2020-08-23T10:09:01Z,2020-08-23T10:09:19Z,B00KWG5VQU,,www.amazon.com,,AED26E441159442B9D1AF61BA9BCCE4A,1183055972,E-Book Sample,17700,5
2023-08-16T19:56:01Z,2023-08-16T20:09:26Z,B0BGQYFBCJ,www.amazon.com,www.amazon.com,Kindle Cloud Reader,A2CTZ977SKFQZY00A2QX1W086QLVZM,20000101,E-Book,805100,21
2023-08-16T23:40:56Z,2023-08-16T23:41:02Z,B0BGQYFBCJ,www.amazon.com,www.amazon.com,Kindle Cloud Reader,A2CTZ977SKFQZY00A2QX1W086QLVZM,20000101,E-Book,5700,1
2023-08-20T10:49:23Z,2023-08-20T10:49:26Z,B0BGQYFBCJ,www.amazon.com,www.amazon.com,Kindle Cloud Reader,A2CTZ977SKFQZY00A2QX1W086QLVZM,20000102,E-Book,2500,1
2023-08-16T20:09:53Z,2023-08-16T20:32:45Z,B0BGQYFBCJ,www.amazon.com,www.amazon.com,Kindle Cloud Reader,A2CTZ977SKFQZY00A2QX1W086QLVZM,20000101,E-Book,1371400,29
2024-12-03T10:15:28Z,2024-12-03T10:49:29Z,B0D6RMSDSY,www.amazon.com,www.amazon.com,Kindle E-reader,G093KM05425503M5,4289760037,E-Book,2040600,11
2024-12-23T04:58:06Z,2024-12-23T05:08:06Z,B0BMF2M8Z6,www.amazon.com,www.amazon.com,Kindle E-reader,G093KM05425503M5,4289760037,E-Book,599900,1
2025-02-23T23:24:26Z,2025-02-23T23:24:32Z,B08TWV5BMD,www.amazon.com,www.amazon.com,Kindle E-reader,G093KM05425503M5,4351960007,E-Book,5900,1
2025-05-09T04:02:12Z,2025-05-09T04:12:31Z,B002OSXNRI,www.amazon.com,www.amazon.com,Kindle E-reader,G093KM05425503M5,4417570025,E-Book,618900,16
2025-03-23T16:16:16Z,2025-03-23T16:16:21Z,B08TWV5BMD,www.amazon.com,www.amazon.com,Kindle for Mac,7B1077C69580528C8BC54A7DDC9FF141,1191415184,E-Book,5800,1
2025-01-30T15:27:42Z,2025-01-30T15:28:08Z,B08TWV5BMD,www.amazon.com,www.amazon.com,Kindle for Mac,7B1077C69580528C8BC54A7DDC9FF141,1191414794,E-Book,26100,8
2024-12-10T10:10:03Z,2024-12-10T10:24:09Z,B0D5JLH3RJ,www.amazon.com,www.amazon.com,Kindle E-reader,G093KM05425503M5,4289760037,E-Book,846200,12
2025-02-18T05:54:53Z,2025-02-18T06:02:46Z,B08TWV5BMD,www.amazon.com,www.amazon.com,Kindle E-reader,G093KM05425503M5,4351960007,E-Book,473600,1
2025-01-21T08:48:58Z,2025-01-21T08:50:19Z,B08TWV5BMD,www.amazon.com,www.amazon.com,Kindle for Mac,7B1077C69580528C8BC54A7DDC9FF141,1191414794,E-Book,80700,1
2025-01-13T09:00:02Z,2025-01-13T09:14:21Z,B08TWV5BMD,www.amazon.com,www.amazon.com,Kindle E-reader,G093KM05425503M5,4289760037,E-Book,859100,6
2024-12-09T10:51:00Z,2024-12-09T10:56:46Z,B0D5JLH3RJ,www.amazon.com,www.amazon.com,Kindle E-reader,G093KM05425503M5,4289760037,E-Book,346200,3
2025-03-22T23:07:45Z,2025-03-22T23:08:21Z,B08TWV5BMD,www.amazon.com,www.amazon.com,Kindle E-reader,G093KM05425503M5,4351960007,E-Book,35800,1
2025-03-23T19:27:05Z,2025-03-23T19:28:20Z,B08TWV5BMD,www.amazon.com,www.amazon.com,Kindle E-reader,G093KM05425503M5,4351960007,E-Book,75200,12
2024-12-11T14:30:12Z,2024-12-11T14:30:33Z,B0BMF2M8Z6,www.amazon.com,www.amazon.com,Kindle E-reader,G093KM05425503M5,4289760037,E-Book,20700,17
2025-03-23T12:32:32Z,2025-03-23T12:35:07Z,B08TWV5BMD,www.amazon.com,www.amazon.com,Kindle for Mac,7B1077C69580528C8BC54A7DDC9FF141,1191415184,E-Book,155400,3
2025-03-21T07:24:03Z,2025-03-21T07:24:05Z,226B133AC0FC463185E57561BF84791C,,www.amazon.com,Kindle E-reader,G093KM05425503M5,4351960007,Personal Document,1500,1
2025-02-16T14:45:23Z,2025-02-16T14:46:27Z,B07FS25XTW,,www.amazon.com,Kindle E-reader,G093KM05425503M5,4351960007,E-Book Sample,63600,1
2025-01-30T15:58:07Z,2025-01-30T15:58:08Z,B08TWV5BMD,www.amazon.com,www.amazon.com,Kindle for Mac,7B1077C69580528C8BC54A7DDC9FF141,1191414794,E-Book,800,1
2024-12-11T14:25:11Z,2024-12-11T14:25:26Z,B00MUFP1QG,www.amazon.com,www.amazon.com,Kindle E-reader,G093KM05425503M5,4289760037,E-Book,15600,4
2025-03-18T00:52:20Z,2025-03-18T01:44:25Z,B08TWV5BMD,www.amazon.com,www.amazon.com,Kindle E-reader,G093KM05425503M5,4351960007,E-Book,3125300,61
2025-02-25T15:31:11Z,2025-02-25T15:31:13Z,B08TWV5BMD,www.amazon.com,www.amazon.com,,0B671A09510D489380FB769AAF4CF99C,1191415306,E-Book,2400,1
2025-03-23T12:26:11Z,2025-03-23T12:26:28Z,B08TWV5BMD,www.amazon.com,www.amazon.com,Kindle for Mac,7B1077C69580528C8BC54A7DDC9FF141,1191415184,E-Book,17200,3
2025-01-30T16:44:12Z,2025-01-30T16:44:44Z,B08TWV5BMD,www.amazon.com,www.amazon.com,Kindle for Mac,7B1077C69580528C8BC54A7DDC9FF141,1191414794,E-Book,31700,2
2025-02-03T04:56:14Z,2025-02-03T04:58:06Z,B08TWV5BMD,www.amazon.com,www.amazon.com,Kindle for Mac,7B1077C69580528C8BC54A7DDC9FF141,1191414794,E-Book,112300,1
2025-03-23T15:20:34Z,2025-03-23T15:23:57Z,B08TWV5BMD,www.amazon.com,www.amazon.com,Kindle for Mac,7B1077C69580528C8BC54A7DDC9FF141,1191415184,E-Book,202800,1
2025-05-06T20:27:59Z,2025-05-06T20:28:02Z,73A796BDD6EF4375A531DBB4A9113875,,www.amazon.com,Kindle E-reader,G093KM05425503M5,4417570025,Personal Document,3500,1
2025-03-19T14:47:18Z,2025-03-19T14:48:25Z,B08TWV5BMD,www.amazon.com,www.amazon.com,Kindle for Mac,7B1077C69580528C8BC54A7DDC9FF141,1191415184,E-Book,67200,23
2024-12-03T07:33:42Z,2024-12-03T07:37:52Z,B0D6RMSDSY,www.amazon.com,www.amazon.com,Kindle E-reader,G093KM05425503M5,4289760037,E-Book,249500,4
2025-05-06T12:15:26Z,2025-05-06T12:39:01Z,226B133AC0FC463185E57561BF84791C,,www.amazon.com,Kindle E-reader,G093KM05425503M5,4417570025,Personal Document,1415600,1
2025-01-17T03:40:11Z,2025-01-17T03:40:13Z,B0BMF2M8Z6,www.amazon.com,www.amazon.com,,0B671A09510D489380FB769AAF4CF99C,1191414794,E-Book,2800,1
2025-02-21T05:16:21Z,2025-02-21T05:19:21Z,B08TWV5BMD,www.amazon.com,www.amazon.com,Kindle E-reader,G093KM05425503M5,4351960007,E-Book,180300,8
2024-12-12T10:29:29Z,2024-12-12T10:31:41Z,B00MUFP1QG,www.amazon.com,www.amazon.com,Kindle E-reader,G093KM05425503M5,4289760037,E-Book,131400,6
2025-02-24T04:50:10Z,2025-02-24T04:50:16Z,B08TWV5BMD,www.amazon.com,www.amazon.com,Kindle E-reader,G093KM05425503M5,4351960007,E-Book,5800,2
2025-01-30T16:57:44Z,2025-01-30T16:57:47Z,B08TWV5BMD,www.amazon.com,www.amazon.com,Kindle for Mac,7B1077C69580528C8BC54A7DDC9FF141,1191414794,E-Book,2400,1
2025-02-18T05:21:37Z,2025-02-18T05:22:20Z,B08TWV5BMD,www.amazon.com,www.amazon.com,,0B671A09510D489380FB769AAF4CF99C,1191414928,E-Book,42700,3
2025-02-25T10:07:43Z,2025-02-25T10:24:09Z,B08TWV5BMD,www.amazon.com,www.amazon.com,Kindle E-reader,G093KM05425503M5,4351960007,E-Book,985600,7
2025-02-02T05:31:08Z,2025-02-02T05:31:13Z,B08TWV5BMD,www.amazon.com,www.amazon.com,Kindle for Mac,7B1077C69580528C8BC54A7DDC9FF141,1191414794,E-Book,5400,1
2025-03-23T12:27:58Z,2025-03-23T12:30:01Z,B08TWV5BMD,www.amazon.com,www.amazon.com,Kindle for Mac,7B1077C69580528C8BC54A7DDC9FF141,1191415184,E-Book,122900,5
2025-03-23T13:39:10Z,2025-03-23T13:39:10Z,B08TWV5BMD,www.amazon.com,www.amazon.com,Kindle for Mac,7B1077C69580528C8BC54A7DDC9FF141,1191415184,E-Book,500,1
2025-06-03T04:37:06Z,2025-06-03T04:37:17Z,EA9A179BAD4D4466B1E597489FFC099C,,www.amazon.com,Kindle E-reader,G093KM05425503M5,4417570025,Personal Document,11300,10
2025-01-30T16:51:47Z,2025-01-30T16:52:03Z,B08TWV5BMD,www.amazon.com,www.amazon.com,Kindle for Mac,7B1077C69580528C8BC54A7DDC9FF141,1191414794,E-Book,15400,3
2024-12-13T18:11:38Z,2024-12-13T18:12:16Z,D9A72D3425174F1287CC791716BC074F,,www.amazon.com,,0B671A09510D489380FB769AAF4CF99C,1191414688,Personal Document,38300,4
Not Available,2025-05-06T15:07:11Z,CBDF7364B33944479B6871B680697E65,,www.amazon.com,Kindle E-reader,G093KM05425503M5,,Personal Document,,
2024-12-11T14:27:17Z,2024-12-11T14:27:25Z,B0D5JLH3RJ,www.amazon.com,www.amazon.com,Kindle E-reader,G093KM05425503M5,4289760037,E-Book,8000,3
2025-02-16T18:36:30Z,2025-02-16T18:36:31Z,B0BMF2M8Z6,www.amazon.com,www.amazon.com,,0B671A09510D489380FB769AAF4CF99C,1191414928,E-Book,1400,1
2025-03-06T08:27:57Z,2025-03-06T08:51:03Z,B08GJVLGGX,,www.amazon.com,Kindle E-reader,G093KM05425503M5,4351960007,E-Book Sample,1386500,14
2025-03-23T17:17:32Z,2025-03-23T17:17:35Z,B08TWV5BMD,www.amazon.com,www.amazon.com,Kindle for Mac,7B1077C69580528C8BC54A7DDC9FF141,1191415184,E-Book,2700,1
2025-05-05T23:03:58Z,2025-05-05T23:04:01Z,605CB454B77F4D3B94AA0CABC0C1C315,,www.amazon.com,Kindle E-reader,G093KM05425503M5,4417570025,Personal Document,3100,1
2025-02-20T21:22:12Z,2025-02-20T21:22:35Z,B09R8WZXJ8,www.amazon.com,www.amazon.com,Kindle E-reader,G093KM05425503M5,4351960007,E-Book,23100,4
2025-03-19T14:55:42Z,2025-03-19T14:55:44Z,B08TWV5BMD,www.amazon.com,www.amazon.com,Kindle for Mac,7B1077C69580528C8BC54A7DDC9FF141,1191415184,E-Book,2200,1
2025-03-19T14:03:04Z,2025-03-19T14:05:34Z,B08TWV5BMD,www.amazon.com,www.amazon.com,Kindle E-reader,G093KM05425503M5,4351960007,E-Book,150400,11
2024-11-28T04:24:19Z,2024-11-28T04:24:21Z,B0D6RMSDSY,www.amazon.com,www.amazon.com,,0B671A09510D489380FB769AAF4CF99C,1191414672,E-Book,2000,2
2024-11-27T19:43:11Z,2024-11-27T19:43:16Z,B0D6RMSDSY,www.amazon.com,www.amazon.com,Kindle E-reader,G093KM05425503M5,4289760037,E-Book,4900,3
2024-12-09T21:40:17Z,2024-12-09T21:57:26Z,B0CYBXTKJJ,,www.amazon.com,Kindle E-reader,G093KM05425503M5,4289760037,E-Book Sample,1028900,15
2025-02-20T06:35:47Z,2025-02-20T06:35:49Z,B0B138BPQQ,www.amazon.com,www.amazon.com,,0B671A09510D489380FB769AAF4CF99C,1191414928,E-Book,2900,3
2025-02-16T11:19:55Z,2025-02-16T11:20:01Z,B07FS25XTW,,www.amazon.com,,0B671A09510D489380FB769AAF4CF99C,1191414928,E-Book Sample,6400,2
2024-12-23T16:24:07Z,2024-12-23T16:34:09Z,B0BMF2M8Z6,www.amazon.com,www.amazon.com,Kindle E-reader,G093KM05425503M5,4289760037,E-Book,602100,1
2025-05-08T00:41:24Z,2025-05-08T00:49:49Z,73A796BDD6EF4375A531DBB4A9113875,,www.amazon.com,Kindle E-reader,G093KM05425503M5,4417570025,Personal Document,505800,53
2025-02-16T22:27:40Z,2025-02-16T23:42:13Z,B08TWV5BMD,www.amazon.com,www.amazon.com,Kindle E-reader,G093KM05425503M5,4351960007,E-Book,4473500,71
2025-03-23T15:52:20Z,2025-03-23T15:52:33Z,B08TWV5BMD,www.amazon.com,www.amazon.com,Kindle for Mac,7B1077C69580528C8BC54A7DDC9FF141,1191415184,E-Book,13500,3
2025-03-23T19:25:01Z,2025-03-23T19:25:07Z,E58F7517A2134C69ADDDC97B3B080D25,,www.amazon.com,Kindle E-reader,G093KM05425503M5,4351960007,Personal Document,6400,1
2025-02-17T15:03:26Z,2025-02-17T15:04:02Z,B08TWV5BMD,www.amazon.com,www.amazon.com,,0B671A09510D489380FB769AAF4CF99C,1191414928,E-Book,36300,3
2025-03-18T04:44:17Z,2025-03-18T04:44:29Z,B08GJVLGGX,,www.amazon.com,Kindle E-reader,G093KM05425503M5,4351960007,E-Book Sample,11900,1
2025-02-25T09:38:01Z,2025-02-25T10:04:48Z,B08TWV5BMD,www.amazon.com,www.amazon.com,Kindle E-reader,G093KM05425503M5,4351960007,E-Book,1607300,16
2025-02-19T05:18:44Z,2025-02-19T05:28:44Z,B08GJVLGGX,,www.amazon.com,Kindle E-reader,G093KM05425503M5,4351960007,E-Book Sample,599700,1
2025-03-23T17:07:59Z,2025-03-23T17:08:02Z,B08TWV5BMD,www.amazon.com,www.amazon.com,Kindle for Mac,7B1077C69580528C8BC54A7DDC9FF141,1191415184,E-Book,2500,1
Not Available,2025-05-06T20:19:02Z,73A796BDD6EF4375A531DBB4A9113875,,www.amazon.com,Kindle E-reader,G093KM05425503M5,,Personal Document,,
2025-03-23T17:01:12Z,2025-03-23T17:01:31Z,B08TWV5BMD,www.amazon.com,www.amazon.com,Kindle for Mac,7B1077C69580528C8BC54A7DDC9FF141,1191415184,E-Book,18800,1
2025-01-30T15:28:59Z,2025-01-30T15:29:05Z,B08TWV5BMD,www.amazon.com,www.amazon.com,Kindle for Mac,7B1077C69580528C8BC54A7DDC9FF141,1191414794,E-Book,6700,1
Not Available,2025-02-20T06:16:17Z,364FE507FA904A949F41055F19069D97,,www.amazon.com,,0B671A09510D489380FB769AAF4CF99C,,Personal Document,,
2025-03-23T16:49:57Z,2025-03-23T16:49:58Z,B08TWV5BMD,www.amazon.com,www.amazon.com,Kindle for Mac,7B1077C69580528C8BC54A7DDC9FF141,1191415184,E-Book,1100,1
2025-02-02T18:01:16Z,2025-02-02T18:15:32Z,B08TWV5BMD,www.amazon.com,www.amazon.com,Kindle for Mac,7B1077C69580528C8BC54A7DDC9FF141,1191414794,E-Book,855600,1
2025-03-23T00:10:38Z,2025-03-23T00:11:23Z,B08TWV5BMD,www.amazon.com,www.amazon.com,Kindle E-reader,G093KM05425503M5,4351960007,E-Book,44700,3
2025-02-16T18:20:53Z,2025-02-16T18:26:36Z,B0BMF2M8Z6,www.amazon.com,www.amazon.com,,0B671A09510D489380FB769AAF4CF99C,1191414928,E-Book,342800,10
2025-03-19T11:26:06Z,2025-03-19T11:28:52Z,226B133AC0FC463185E57561BF84791C,,www.amazon.com,Kindle E-reader,G093KM05425503M5,4351960007,Personal Document,166200,15
2025-02-20T07:27:03Z,2025-02-20T08:10:35Z,B0B138BPQQ,www.amazon.com,www.amazon.com,Kindle E-reader,G093KM05425503M5,4351960007,E-Book,2612000,26
2025-01-20T05:34:20Z,2025-01-20T05:34:35Z,B08TWV5BMD,www.amazon.com,www.amazon.com,Kindle E-reader,G093KM05425503M5,4351960007,E-Book,15100,1
2025-03-06T11:07:47Z,2025-03-06T11:07:53Z,B08TWV5BMD,www.amazon.com,www.amazon.com,Kindle E-reader,G093KM05425503M5,4351960007,E-Book,6400,1
2025-05-06T20:04:51Z,2025-05-06T20:05:56Z,73A796BDD6EF4375A531DBB4A9113875,,www.amazon.com,Kindle E-reader,G093KM05425503M5,4417570025,Personal Document,64600,1
2024-12-11T08:36:41Z,2024-12-11T08:36:56Z,B0D5JLH3RJ,www.amazon.com,www.amazon.com,Kindle E-reader,G093KM05425503M5,4289760037,E-Book,15400,1
Not Available,2025-05-17T16:57:35Z,B0C5879F526A41B087D19B2C20C6E531,,www.amazon.com,Kindle E-reader,G093KM05425503M5,,Personal Document,,
2025-04-24T23:28:05Z,2025-04-24T23:28:27Z,B0D12WJTBY,,www.amazon.com,Kindle E-reader,G093KM05425503M5,4417570025,E-Book Sample,22400,7
2025-03-02T21:19:04Z,2025-03-02T21:23:10Z,B08GJVLGGX,,www.amazon.com,Kindle E-reader,G093KM05425503M5,4351960007,E-Book Sample,245600,11
2025-01-20T19:12:01Z,2025-01-20T19:36:34Z,B08TWV5BMD,www.amazon.com,www.amazon.com,Kindle E-reader,G093KM05425503M5,4351960007,E-Book,1472500,13
2025-01-30T15:37:25Z,2025-01-30T15:37:44Z,B08TWV5BMD,www.amazon.com,www.amazon.com,Kindle for Mac,7B1077C69580528C8BC54A7DDC9FF141,1191414794,E-Book,19300,2
2025-01-16T09:52:27Z,2025-01-16T10:12:35Z,B08TWV5BMD,www.amazon.com,www.amazon.com,Kindle E-reader,G093KM05425503M5,4351960007,E-Book,1207700,10
2025-01-20T19:10:47Z,2025-01-20T19:11:52Z,B08TWV5BMD,www.amazon.com,www.amazon.com,Kindle E-reader,G093KM05425503M5,4351960007,E-Book,65300,3
Not Available,2025-05-06T07:45:57Z,B0C5879F526A41B087D19B2C20C6E531,,www.amazon.com,Kindle E-reader,G093KM05425503M5,,Personal Document,,
2025-02-20T09:52:11Z,2025-02-20T10:15:04Z,B08TWV5BMD,www.amazon.com,www.amazon.com,Kindle E-reader,G093KM05425503M5,4351960007,E-Book,1372900,23
2025-01-30T16:38:31Z,2025-01-30T16:38:37Z,B08TWV5BMD,www.amazon.com,www.amazon.com,Kindle for Mac,7B1077C69580528C8BC54A7DDC9FF141,1191414794,E-Book,6400,3
2025-01-15T08:15:27Z,2025-01-15T08:15:35Z,B08TWV5BMD,www.amazon.com,www.amazon.com,Kindle E-reader,G093KM05425503M5,4289760037,E-Book,8300,2
2024-12-11T11:49:54Z,2024-12-11T11:59:54Z,B0D5JLH3RJ,www.amazon.com,www.amazon.com,Kindle E-reader,G093KM05425503M5,4289760037,E-Book,599800,1
2025-01-23T11:53:16Z,2025-01-23T12:03:16Z,B0BMF2M8Z6,www.amazon.com,www.amazon.com,Kindle E-reader,G093KM05425503M5,4351960007,E-Book,599800,1
2025-01-30T15:54:51Z,2025-01-30T15:54:51Z,B08TWV5BMD,www.amazon.com,www.amazon.com,Kindle for Mac,7B1077C69580528C8BC54A7DDC9FF141,1191414794,E-Book,700,1
2025-05-18T09:14:18Z,2025-05-18T09:17:18Z,B0C5879F526A41B087D19B2C20C6E531,,www.amazon.com,Kindle E-reader,G093KM05425503M5,4417570025,Personal Document,180200,5
2024-12-12T07:57:36Z,2024-12-12T07:58:49Z,B00MUFP1QG,www.amazon.com,www.amazon.com,Kindle E-reader,G093KM05425503M5,4289760037,E-Book,73300,1
2024-12-03T09:30:47Z,2024-12-03T09:31:30Z,B0D6RMSDSY,www.amazon.com,www.amazon.com,Kindle E-reader,G093KM05425503M5,4289760037,E-Book,42300,5
2024-11-29T14:55:26Z,2024-11-29T14:56:50Z,B0D6RMSDSY,www.amazon.com,www.amazon.com,Kindle E-reader,G093KM05425503M5,4289760037,E-Book,84400,1
2025-02-18T17:54:46Z,2025-02-18T18:04:22Z,B08TWV5BMD,www.amazon.com,www.amazon.com,Kindle E-reader,G093KM05425503M5,4351960007,E-Book,575500,17
2025-03-23T00:10:31Z,2025-03-23T00:10:37Z,B08TWV5BMD,www.amazon.com,www.amazon.com,Kindle E-reader,G093KM05425503M5,4351960007,E-Book,6300,1
2025-01-20T09:37:54Z,2025-01-20T09:44:54Z,B08TWV5BMD,www.amazon.com,www.amazon.com,Kindle E-reader,G093KM05425503M5,4351960007,E-Book,419600,4
2024-11-28T04:27:43Z,2024-11-28T04:27:47Z,B0D6RMSDSY,www.amazon.com,www.amazon.com,,0B671A09510D489380FB769AAF4CF99C,1191414672,E-Book,3300,3
2025-06-03T05:55:07Z,2025-06-03T05:55:27Z,EA9A179BAD4D4466B1E597489FFC099C,,www.amazon.com,,0B671A09510D489380FB769AAF4CF99C,1191415946,Personal Document,20200,1
2025-02-02T18:54:01Z,2025-02-02T23:39:43Z,B08TWV5BMD,www.amazon.com,www.amazon.com,Kindle for Mac,7B1077C69580528C8BC54A7DDC9FF141,1191414794,E-Book,17142700,1
2025-02-24T23:38:03Z,2025-02-24T23:58:21Z,B08TWV5BMD,www.amazon.com,www.amazon.com,Kindle E-reader,G093KM05425503M5,4351960007,E-Book,1217900,39
2025-05-06T12:11:06Z,2025-05-06T12:11:20Z,226B133AC0FC463185E57561BF84791C,,www.amazon.com,Kindle E-reader,G093KM05425503M5,4417570025,Personal Document,13900,3
Not Available,2025-05-06T14:24:54Z,B0C5879F526A41B087D19B2C20C6E531,,www.amazon.com,Kindle E-reader,G093KM05425503M5,,Personal Document,,
2025-02-08T17:42:57Z,2025-02-08T17:43:20Z,B07FS25XTW,,www.amazon.com,Kindle E-reader,G093KM05425503M5,4351960007,E-Book Sample,22800,1
2025-05-06T07:33:36Z,2025-05-06T07:45:57Z,B0C5879F526A41B087D19B2C20C6E531,,www.amazon.com,Kindle E-reader,G093KM05425503M5,4417570025,Personal Document,740600,29
2025-05-14T19:22:49Z,2025-05-14T19:22:53Z,B002OSXNRI,www.amazon.com,www.amazon.com,Kindle E-reader,G093KM05425503M5,4417570025,E-Book,4000,1
2025-01-15T09:44:27Z,2025-01-15T09:45:33Z,B08TWV5BMD,www.amazon.com,www.amazon.com,Kindle E-reader,G093KM05425503M5,4289760037,E-Book,66000,1
2024-12-10T23:45:52Z,2024-12-10T23:51:16Z,B0D5JLH3RJ,www.amazon.com,www.amazon.com,Kindle E-reader,G093KM05425503M5,4289760037,E-Book,324200,8
2025-05-07T22:10:23Z,2025-05-07T22:10:27Z,B015MQS30K,,www.amazon.com,Kindle E-reader,G093KM05425503M5,4417570025,E-Book Sample,4100,1
2025-03-19T01:02:17Z,2025-03-19T01:04:49Z,226B133AC0FC463185E57561BF84791C,,www.amazon.com,Kindle E-reader,G093KM05425503M5,4351960007,Personal Document,151400,5
2025-02-24T11:13:07Z,2025-02-24T11:14:35Z,B08TWV5BMD,www.amazon.com,www.amazon.com,Kindle E-reader,G093KM05425503M5,4351960007,E-Book,87500,1
2024-12-07T12:33:13Z,2024-12-07T12:33:33Z,B0D6RMSDSY,www.amazon.com,www.amazon.com,Kindle E-reader,G093KM05425503M5,4289760037,E-Book,19900,1
2025-01-30T15:33:19Z,2025-01-30T15:33:36Z,B08TWV5BMD,www.amazon.com,www.amazon.com,Kindle for Mac,7B1077C69580528C8BC54A7DDC9FF141,1191414794,E-Book,16700,5
2025-02-04T10:22:49Z,2025-02-04T10:24:21Z,B08TWV5BMD,www.amazon.com,www.amazon.com,Kindle for Mac,7B1077C69580528C8BC54A7DDC9FF141,1191414794,E-Book,91700,1
2025-02-04T08:44:30Z,2025-02-04T09:02:32Z,B08TWV5BMD,www.amazon.com,www.amazon.com,Kindle for Mac,7B1077C69580528C8BC54A7DDC9FF141,1191414794,E-Book,1082200,1
2025-03-21T16:31:49Z,2025-03-21T16:33:10Z,2BC83F926E4A4C548E784EBB4A896FDD,,www.amazon.com,,0B671A09510D489380FB769AAF4CF99C,1191415306,Personal Document,81100,31
2024-11-27T17:28:26Z,2024-11-27T17:28:51Z,B0D6RMSDSY,www.amazon.com,www.amazon.com,Kindle E-reader,G093KM05425503M5,4245910012,E-Book,25000,5
2025-03-25T00:12:24Z,2025-03-25T00:43:20Z,226B133AC0FC463185E57561BF84791C,,www.amazon.com,Kindle E-reader,G093KM05425503M5,4351960007,Personal Document,1855900,34
2025-03-23T12:57:45Z,2025-03-23T12:57:49Z,B08TWV5BMD,www.amazon.com,www.amazon.com,Kindle for Mac,7B1077C69580528C8BC54A7DDC9FF141,1191415184,E-Book,3900,1
2025-03-06T05:01:04Z,2025-03-06T05:01:09Z,B08GJVLGGX,,www.amazon.com,Kindle E-reader,G093KM05425503M5,4351960007,E-Book Sample,4900,1
2025-03-23T12:13:28Z,2025-03-23T12:13:51Z,B08TWV5BMD,www.amazon.com,www.amazon.com,Kindle for Mac,7B1077C69580528C8BC54A7DDC9FF141,1191415184,E-Book,23100,4
2025-01-30T15:38:31Z,2025-01-30T15:38:35Z,B08TWV5BMD,www.amazon.com,www.amazon.com,Kindle for Mac,7B1077C69580528C8BC54A7DDC9FF141,1191414794,E-Book,4000,2
Not Available,2025-05-05T23:04:36Z,B0C5879F526A41B087D19B2C20C6E531,,www.amazon.com,Kindle E-reader,G093KM05425503M5,,Personal Document,,
2025-03-19T14:52:38Z,2025-03-19T14:52:39Z,B08TWV5BMD,www.amazon.com,www.amazon.com,Kindle for Mac,7B1077C69580528C8BC54A7DDC9FF141,1191415184,E-Book,600,1
2025-03-06T09:33:18Z,2025-03-06T09:51:43Z,B08GJVLGGX,,www.amazon.com,Kindle E-reader,G093KM05425503M5,4351960007,E-Book Sample,1105100,15
2025-02-17T15:07:11Z,2025-02-17T15:07:13Z,B08TWV5BMD,www.amazon.com,www.amazon.com,,0B671A09510D489380FB769AAF4CF99C,1191414928,E-Book,1600,1
2025-01-20T20:58:30Z,2025-01-20T21:14:34Z,B08TWV5BMD,www.amazon.com,www.amazon.com,Kindle E-reader,G093KM05425503M5,4351960007,E-Book,963400,29
2025-01-30T15:27:13Z,2025-01-30T15:27:15Z,B08TWV5BMD,www.amazon.com,www.amazon.com,Kindle for Mac,7B1077C69580528C8BC54A7DDC9FF141,1191414794,E-Book,1400,1
2025-01-15T08:43:07Z,2025-01-15T08:46:52Z,B08TWV5BMD,www.amazon.com,www.amazon.com,Kindle E-reader,G093KM05425503M5,4289760037,E-Book,225200,4
2025-03-06T05:07:02Z,2025-03-06T05:07:06Z,B08GJVLGGX,,www.amazon.com,Kindle E-reader,G093KM05425503M5,4351960007,E-Book Sample,4500,1
2025-01-16T10:17:20Z,2025-01-16T10:17:32Z,B08TWV5BMD,www.amazon.com,www.amazon.com,Kindle E-reader,G093KM05425503M5,4351960007,E-Book,12000,1
2025-03-23T16:44:26Z,2025-03-23T16:46:37Z,B08TWV5BMD,www.amazon.com,www.amazon.com,Kindle for Mac,7B1077C69580528C8BC54A7DDC9FF141,1191415184,E-Book,130500,3
Not Available,2025-03-23T23:45:07Z,D99D878063A446FB907733B911E2C257,,www.amazon.com,,D1EB7E8F4C3A4611BAC1C351F64AC226,,Personal Document,,
2025-01-31T11:16:03Z,2025-01-31T11:16:07Z,B08TWV5BMD,www.amazon.com,www.amazon.com,Kindle for Mac,7B1077C69580528C8BC54A7DDC9FF141,1191414794,E-Book,4400,1
Not Available,2025-03-21T16:32:24Z,2BC83F926E4A4C548E784EBB4A896FDD,,www.amazon.com,,0B671A09510D489380FB769AAF4CF99C,,Personal Document,,
Not Available,2025-04-25T06:08:46Z,226B133AC0FC463185E57561BF84791C,,www.amazon.com,Kindle E-reader,G093KM05425503M5,,Personal Document,,
2025-03-23T16:49:10Z,2025-03-23T16:49:11Z,B08TWV5BMD,www.amazon.com,www.amazon.com,Kindle for Mac,7B1077C69580528C8BC54A7DDC9FF141,1191415184,E-Book,1400,1
2025-05-06T12:51:18Z,2025-05-06T13:09:56Z,226B133AC0FC463185E57561BF84791C,,www.amazon.com,Kindle E-reader,G093KM05425503M5,4417570025,Personal Document,1118300,1
2025-03-06T09:52:48Z,2025-03-06T10:14:57Z,B08TWV5BMD,www.amazon.com,www.amazon.com,Kindle E-reader,G093KM05425503M5,4351960007,E-Book,1328800,14
2025-03-23T16:54:25Z,2025-03-23T16:54:34Z,B08TWV5BMD,www.amazon.com,www.amazon.com,Kindle for Mac,7B1077C69580528C8BC54A7DDC9FF141,1191415184,E-Book,9200,2
2025-06-03T06:11:53Z,2025-06-03T06:11:58Z,EA9A179BAD4D4466B1E597489FFC099C,,www.amazon.com,,0B671A09510D489380FB769AAF4CF99C,1191415946,Personal Document,4900,1
2025-01-30T16:45:45Z,2025-01-30T16:45:47Z,B08TWV5BMD,www.amazon.com,www.amazon.com,Kindle for Mac,7B1077C69580528C8BC54A7DDC9FF141,1191414794,E-Book,1600,1
2025-03-23T17:01:32Z,2025-03-23T17:01:35Z,B08TWV5BMD,www.amazon.com,www.amazon.com,Kindle for Mac,7B1077C69580528C8BC54A7DDC9FF141,1191415184,E-Book,2600,1
2025-03-23T12:08:15Z,2025-03-23T12:09:00Z,B08TWV5BMD,www.amazon.com,www.amazon.com,Kindle for Mac,7B1077C69580528C8BC54A7DDC9FF141,1191415184,E-Book,44100,3
2025-01-21T08:41:21Z,2025-01-21T08:41:24Z,B08TWV5BMD,www.amazon.com,www.amazon.com,Kindle for Mac,7B1077C69580528C8BC54A7DDC9FF141,1191414794,E-Book,2700,1
2025-03-23T16:58:34Z,2025-03-23T16:58:55Z,B08TWV5BMD,www.amazon.com,www.amazon.com,Kindle for Mac,7B1077C69580528C8BC54A7DDC9FF141,1191415184,E-Book,21100,1
2025-03-23T16:50:27Z,2025-03-23T16:51:05Z,B08TWV5BMD,www.amazon.com,www.amazon.com,Kindle for Mac,7B1077C69580528C8BC54A7DDC9FF141,1191415184,E-Book,38200,7
2025-01-21T08:51:51Z,2025-01-21T08:52:47Z,B08TWV5BMD,www.amazon.com,www.amazon.com,Kindle for Mac,7B1077C69580528C8BC54A7DDC9FF141,1191414794,E-Book,56600,1
2025-02-07T02:02:47Z,2025-02-07T02:16:26Z,B0BMF2M8Z6,www.amazon.com,www.amazon.com,Kindle E-reader,G093KM05425503M5,4351960007,E-Book,818500,6
2025-01-08T03:53:41Z,2025-01-08T04:03:41Z,B0BMF2M8Z6,www.amazon.com,www.amazon.com,Kindle E-reader,G093KM05425503M5,4289760037,E-Book,599900,1
2025-01-21T08:40:32Z,2025-01-21T08:40:58Z,B08TWV5BMD,www.amazon.com,www.amazon.com,Kindle for Mac,7B1077C69580528C8BC54A7DDC9FF141,1191414794,E-Book,26200,6
2025-03-23T15:01:00Z,2025-03-23T15:13:13Z,B08TWV5BMD,www.amazon.com,www.amazon.com,Kindle for Mac,7B1077C69580528C8BC54A7DDC9FF141,1191415184,E-Book,733200,7
2025-01-30T17:02:00Z,2025-01-30T17:02:01Z,B08TWV5BMD,www.amazon.com,www.amazon.com,Kindle for Mac,7B1077C69580528C8BC54A7DDC9FF141,1191414794,E-Book,900,1
2025-06-03T05:52:20Z,2025-06-03T05:52:39Z,EA9A179BAD4D4466B1E597489FFC099C,,www.amazon.com,,0B671A09510D489380FB769AAF4CF99C,1191415946,Personal Document,19900,2
2025-03-23T17:03:52Z,2025-03-23T17:03:54Z,B08TWV5BMD,www.amazon.com,www.amazon.com,Kindle for Mac,7B1077C69580528C8BC54A7DDC9FF141,1191415184,E-Book,1400,1
2025-03-23T15:52:48Z,2025-03-23T15:52:56Z,B08TWV5BMD,www.amazon.com,www.amazon.com,Kindle for Mac,7B1077C69580528C8BC54A7DDC9FF141,1191415184,E-Book,8900,2
2025-05-06T12:39:09Z,2025-05-06T12:51:09Z,226B133AC0FC463185E57561BF84791C,,www.amazon.com,Kindle E-reader,G093KM05425503M5,4417570025,Personal Document,720800,1
2024-12-12T06:41:21Z,2024-12-12T06:56:19Z,B0D5JLH3RJ,www.amazon.com,www.amazon.com,Kindle E-reader,G093KM05425503M5,4289760037,E-Book,897800,23
2025-03-23T14:58:10Z,2025-03-23T15:00:31Z,B08TWV5BMD,www.amazon.com,www.amazon.com,Kindle for Mac,7B1077C69580528C8BC54A7DDC9FF141,1191415184,E-Book,141400,4
Not Available,2025-05-06T15:08:29Z,CBDF7364B33944479B6871B680697E65,,www.amazon.com,Kindle E-reader,G093KM05425503M5,,Personal Document,,
2025-02-15T20:35:50Z,2025-02-15T20:35:51Z,B07FS25XTW,,www.amazon.com,Kindle E-reader,G093KM05425503M5,4351960007,E-Book Sample,600,1
2024-12-02T21:19:38Z,2024-12-02T21:20:13Z,B0D6RMSDSY,www.amazon.com,www.amazon.com,Kindle E-reader,G093KM05425503M5,4289760037,E-Book,34700,4
Not Available,2025-05-06T13:14:08Z,73A796BDD6EF4375A531DBB4A9113875,,www.amazon.com,Kindle E-reader,G093KM05425503M5,,Personal Document,,
2025-01-30T16:41:31Z,2025-01-30T16:41:55Z,B08TWV5BMD,www.amazon.com,www.amazon.com,Kindle for Mac,7B1077C69580528C8BC54A7DDC9FF141,1191414794,E-Book,24500,4
Not Available,2024-12-12T06:56:19Z,B0D5JLH3RJ,www.amazon.com,www.amazon.com,Kindle E-reader,G093KM05425503M5,,E-Book,,
2025-03-23T12:41:47Z,2025-03-23T12:41:59Z,B08TWV5BMD,www.amazon.com,www.amazon.com,Kindle for Mac,7B1077C69580528C8BC54A7DDC9FF141,1191415184,E-Book,12500,1
2025-01-30T15:25:03Z,2025-01-30T15:25:27Z,B08TWV5BMD,www.amazon.com,www.amazon.com,Kindle for Mac,7B1077C69580528C8BC54A7DDC9FF141,1191414794,E-Book,24200,8
2025-05-06T20:30:23Z,2025-05-06T20:30:36Z,B015MQS30K,,www.amazon.com,Kindle E-reader,G093KM05425503M5,4417570025,E-Book Sample,13100,1
2024-12-12T12:35:19Z,2024-12-12T12:45:19Z,B00MUFP1QG,www.amazon.com,www.amazon.com,Kindle E-reader,G093KM05425503M5,4289760037,E-Book,599800,1
2025-05-08T22:29:02Z,2025-05-08T22:29:40Z,B002OSXNRI,www.amazon.com,www.amazon.com,Kindle E-reader,G093KM05425503M5,4417570025,E-Book,38400,2
2025-02-18T05:24:18Z,2025-02-18T05:24:20Z,B08TWV5BMD,www.amazon.com,www.amazon.com,,0B671A09510D489380FB769AAF4CF99C,1191414928,E-Book,1900,1
2025-02-19T04:14:25Z,2025-02-19T04:20:08Z,B0BD5V6FM2,www.amazon.com,www.amazon.com,Kindle E-reader,G093KM05425503M5,4351960007,E-Book,343100,39
2025-01-30T17:38:46Z,2025-01-30T17:38:49Z,B08TWV5BMD,www.amazon.com,www.amazon.com,Kindle for Mac,7B1077C69580528C8BC54A7DDC9FF141,1191414794,E-Book,2700,2
2025-02-02T01:32:38Z,2025-02-02T01:33:15Z,B08TWV5BMD,www.amazon.com,www.amazon.com,Kindle for Mac,7B1077C69580528C8BC54A7DDC9FF141,1191414794,E-Book,37000,1
2025-02-19T03:10:45Z,2025-02-19T03:34:11Z,B08TWV5BMD,www.amazon.com,www.amazon.com,Kindle E-reader,G093KM05425503M5,4351960007,E-Book,1405800,19
2025-01-30T15:47:54Z,2025-01-30T15:48:50Z,B08TWV5BMD,www.amazon.com,www.amazon.com,Kindle for Mac,7B1077C69580528C8BC54A7DDC9FF141,1191414794,E-Book,55800,2
2025-03-10T08:29:43Z,2025-03-10T09:07:05Z,B08TWV5BMD,www.amazon.com,www.amazon.com,Kindle E-reader,G093KM05425503M5,4351960007,E-Book,2242300,18
2025-01-17T04:02:29Z,2025-01-17T04:02:29Z,B08TWV5BMD,www.amazon.com,www.amazon.com,Kindle for Mac,7B1077C69580528C8BC54A7DDC9FF141,1191414794,E-Book,900,1
2025-06-03T04:36:05Z,2025-06-03T04:36:08Z,B0C5879F526A41B087D19B2C20C6E531,,www.amazon.com,Kindle E-reader,G093KM05425503M5,4417570025,Personal Document,2800,1
2024-12-12T10:56:51Z,2024-12-12T10:57:06Z,B00MUFP1QG,www.amazon.com,www.amazon.com,Kindle E-reader,G093KM05425503M5,4289760037,E-Book,14900,1
Not Available,2024-12-07T12:49:25Z,D9A72D3425174F1287CC791716BC074F,,www.amazon.com,Kindle E-reader,G093KM05425503M5,,Personal Document,,
2025-01-30T17:00:56Z,2025-01-30T17:00:57Z,B08TWV5BMD,www.amazon.com,www.amazon.com,Kindle for Mac,7B1077C69580528C8BC54A7DDC9FF141,1191414794,E-Book,1000,1
2025-01-30T15:32:56Z,2025-01-30T15:33:19Z,B08TWV5BMD,www.amazon.com,www.amazon.com,Kindle for Mac,7B1077C69580528C8BC54A7DDC9FF141,1191414794,E-Book,22900,1
2025-02-19T02:55:08Z,2025-02-19T02:55:25Z,B08TWV5BMD,www.amazon.com,www.amazon.com,Kindle E-reader,G093KM05425503M5,4351960007,E-Book,17100,1
2025-03-23T12:32:02Z,2025-03-23T12:32:05Z,B08TWV5BMD,www.amazon.com,www.amazon.com,Kindle for Mac,7B1077C69580528C8BC54A7DDC9FF141,1191415184,E-Book,2600,1
2025-01-20T10:01:07Z,2025-01-20T10:01:21Z,B08TWV5BMD,www.amazon.com,www.amazon.com,Kindle E-reader,G093KM05425503M5,4351960007,E-Book,13300,1
2024-12-03T07:32:52Z,2024-12-03T07:33:40Z,B0D6RMSDSY,www.amazon.com,www.amazon.com,Kindle E-reader,G093KM05425503M5,4289760037,E-Book,47500,6
2024-11-29T16:05:28Z,2024-11-29T16:05:36Z,B0D6RMSDSY,www.amazon.com,www.amazon.com,Kindle E-reader,G093KM05425503M5,4289760037,E-Book,8100,3
2024-11-27T19:35:31Z,2024-11-27T19:36:02Z,B0D6RMSDSY,www.amazon.com,www.amazon.com,Kindle E-reader,G093KM05425503M5,4289760037,E-Book,31200,3
2025-01-17T03:48:29Z,2025-01-17T03:48:40Z,B08TWV5BMD,www.amazon.com,www.amazon.com,,0B671A09510D489380FB769AAF4CF99C,1191414794,E-Book,10400,1
Not Available,2025-03-23T21:42:12Z,D99D878063A446FB907733B911E2C257,,www.amazon.com,Kindle E-reader,G093KM05425503M5,,Personal Document,,
2024-12-09T23:14:07Z,2024-12-09T23:14:34Z,B072FHGX8Q,www.amazon.com,www.amazon.com,Kindle E-reader,G093KM05425503M5,4289760037,E-Book,26900,1
2025-02-25T05:15:01Z,2025-02-25T05:20:00Z,B08TWV5BMD,www.amazon.com,www.amazon.com,Kindle E-reader,G093KM05425503M5,4351960007,E-Book,299500,5
2025-01-30T17:14:18Z,2025-01-30T17:14:18Z,B08TWV5BMD,www.amazon.com,www.amazon.com,Kindle for Mac,7B1077C69580528C8BC54A7DDC9FF141,1191414794,E-Book,700,1
2025-03-23T21:42:14Z,2025-03-23T21:46:12Z,B08TWV5BMD,www.amazon.com,www.amazon.com,Kindle E-reader,G093KM05425503M5,4351960007,E-Book,238300,11
2025-01-30T18:47:01Z,2025-01-30T19:03:37Z,B08TWV5BMD,www.amazon.com,www.amazon.com,Kindle for Mac,7B1077C69580528C8BC54A7DDC9FF141,1191414794,E-Book,995600,1
2025-03-19T13:49:29Z,2025-03-19T13:54:04Z,B08TWV5BMD,www.amazon.com,www.amazon.com,Kindle E-reader,G093KM05425503M5,4351960007,E-Book,274800,59
2025-03-13T21:47:20Z,2025-03-13T22:06:41Z,B08TWV5BMD,www.amazon.com,www.amazon.com,Kindle E-reader,G093KM05425503M5,4351960007,E-Book,1160800,37
2024-12-08T16:07:46Z,2024-12-08T16:15:56Z,B0CYBXTKJJ,,www.amazon.com,Kindle E-reader,G093KM05425503M5,4289760037,E-Book Sample,490200,59
2025-06-03T06:12:30Z,2025-06-03T06:13:19Z,EA9A179BAD4D4466B1E597489FFC099C,,www.amazon.com,,0B671A09510D489380FB769AAF4CF99C,1191415946,Personal Document,48400,5
2025-02-04T12:15:27Z,2025-02-04T12:22:09Z,B08TWV5BMD,www.amazon.com,www.amazon.com,Kindle for Mac,7B1077C69580528C8BC54A7DDC9FF141,1191414794,E-Book,402500,1
2025-03-23T16:43:59Z,2025-03-23T16:44:01Z,B08TWV5BMD,www.amazon.com,www.amazon.com,Kindle for Mac,7B1077C69580528C8BC54A7DDC9FF141,1191415184,E-Book,1500,1
2025-03-23T16:14:41Z,2025-03-23T16:14:43Z,B08TWV5BMD,www.amazon.com,www.amazon.com,Kindle for Mac,7B1077C69580528C8BC54A7DDC9FF141,1191415184,E-Book,2200,1
2024-12-12T07:25:04Z,2024-12-12T07:37:54Z,B00MUFP1QG,www.amazon.com,www.amazon.com,Kindle E-reader,G093KM05425503M5,4289760037,E-Book,770400,1
Not Available,2025-03-23T19:23:16Z,E58F7517A2134C69ADDDC97B3B080D25,,www.amazon.com,Kindle E-reader,G093KM05425503M5,,Personal Document,,
2025-01-30T16:02:41Z,2025-01-30T16:02:45Z,B08TWV5BMD,www.amazon.com,www.amazon.com,Kindle for Mac,7B1077C69580528C8BC54A7DDC9FF141,1191414794,E-Book,3900,1
2025-03-17T19:31:18Z,2025-03-17T19:31:33Z,B08TWV5BMD,www.amazon.com,www.amazon.com,Kindle E-reader,G093KM05425503M5,4351960007,E-Book,15500,1
2025-03-19T13:54:13Z,2025-03-19T13:55:38Z,B08TWV5BMD,www.amazon.com,www.amazon.com,Kindle E-reader,G093KM05425503M5,4351960007,E-Book,84600,2
2025-05-06T15:07:27Z,2025-05-06T15:07:34Z,B08M968WT1,,www.amazon.com,Kindle E-reader,G093KM05425503M5,4417570025,E-Book Sample,6300,3
2024-12-12T10:26:17Z,2024-12-12T10:26:25Z,B0D5JLH3RJ,www.amazon.com,www.amazon.com,Kindle E-reader,G093KM05425503M5,4289760037,E-Book,7700,2
2025-05-06T15:00:06Z,2025-05-06T15:00:09Z,B0C5879F526A41B087D19B2C20C6E531,,www.amazon.com,Kindle E-reader,G093KM05425503M5,4417570025,Personal Document,3300,1
2025-01-14T12:02:31Z,2025-01-14T12:12:30Z,B08TWV5BMD,www.amazon.com,www.amazon.com,Kindle E-reader,G093KM05425503M5,4289760037,E-Book,599800,1
2025-03-23T15:44:54Z,2025-03-23T15:44:59Z,B08TWV5BMD,www.amazon.com,www.amazon.com,Kindle for Mac,7B1077C69580528C8BC54A7DDC9FF141,1191415184,E-Book,4800,1
2024-12-12T08:00:50Z,2024-12-12T08:19:13Z,B00MUFP1QG,www.amazon.com,www.amazon.com,Kindle E-reader,G093KM05425503M5,4289760037,E-Book,1103800,12
2024-12-09T06:48:23Z,2024-12-09T06:50:10Z,B0CYBXTKJJ,,www.amazon.com,Kindle E-reader,G093KM05425503M5,4289760037,E-Book Sample,107100,1
2025-01-30T16:47:25Z,2025-01-30T16:47:27Z,B08TWV5BMD,www.amazon.com,www.amazon.com,Kindle for Mac,7B1077C69580528C8BC54A7DDC9FF141,1191414794,E-Book,1800,1
2025-01-30T16:42:06Z,2025-01-30T16:42:23Z,B08TWV5BMD,www.amazon.com,www.amazon.com,Kindle for Mac,7B1077C69580528C8BC54A7DDC9FF141,1191414794,E-Book,16600,2
2025-05-06T20:18:46Z,2025-05-06T20:19:02Z,73A796BDD6EF4375A531DBB4A9113875,,www.amazon.com,Kindle E-reader,G093KM05425503M5,4417570025,Personal Document,16700,2
2025-01-21T08:58:39Z,2025-01-21T09:00:27Z,B08TWV5BMD,www.amazon.com,www.amazon.com,Kindle for Mac,7B1077C69580528C8BC54A7DDC9FF141,1191414794,E-Book,108100,4
2025-03-23T22:42:04Z,2025-03-23T23:07:23Z,D99D878063A446FB907733B911E2C257,,www.amazon.com,Kindle E-reader,G093KM05425503M5,4351960007,Personal Document,1518900,27
2025-03-23T17:14:22Z,2025-03-23T17:14:47Z,B08TWV5BMD,www.amazon.com,www.amazon.com,Kindle for Mac,7B1077C69580528C8BC54A7DDC9FF141,1191415184,E-Book,24300,1
2024-12-08T22:57:58Z,2024-12-08T22:58:06Z,B072FHGX8Q,www.amazon.com,www.amazon.com,Kindle E-reader,G093KM05425503M5,4289760037,E-Book,8500,1
2025-03-23T12:57:52Z,2025-03-23T12:57:57Z,B08TWV5BMD,www.amazon.com,www.amazon.com,Kindle for Mac,7B1077C69580528C8BC54A7DDC9FF141,1191415184,E-Book,5000,1
2025-02-20T06:26:05Z,2025-02-20T06:26:12Z,B0B138BPQQ,www.amazon.com,www.amazon.com,,0B671A09510D489380FB769AAF4CF99C,1191414928,E-Book,7000,1
2025-03-22T21:57:12Z,2025-03-22T21:58:55Z,B08TWV5BMD,www.amazon.com,www.amazon.com,Kindle E-reader,G093KM05425503M5,4351960007,E-Book,102500,18
2024-12-11T14:30:35Z,2024-12-11T14:31:57Z,B0D5JLH3RJ,www.amazon.com,www.amazon.com,Kindle E-reader,G093KM05425503M5,4289760037,E-Book,82400,1
Not Available,2025-06-03T05:37:06Z,EA9A179BAD4D4466B1E597489FFC099C,,www.amazon.com,,0B671A09510D489380FB769AAF4CF99C,,Personal Document,,
2025-01-23T09:55:15Z,2025-01-23T09:57:13Z,B0BMF2M8Z6,www.amazon.com,www.amazon.com,Kindle E-reader,G093KM05425503M5,4351960007,E-Book,118300,6
2025-02-17T19:16:28Z,2025-02-17T19:16:30Z,B08TWV5BMD,www.amazon.com,www.amazon.com,,0B671A09510D489380FB769AAF4CF99C,1191414928,E-Book,2000,1
2025-02-04T13:33:45Z,2025-02-04T15:00:41Z,B08TWV5BMD,www.amazon.com,www.amazon.com,Kindle for Mac,7B1077C69580528C8BC54A7DDC9FF141,1191414794,E-Book,5216100,1
2024-12-08T12:06:54Z,2024-12-08T12:13:24Z,B0D6RMSDSY,www.amazon.com,www.amazon.com,Kindle E-reader,G093KM05425503M5,4289760037,E-Book,389300,9
2024-12-11T14:09:36Z,2024-12-11T14:09:41Z,B0D5JLH3RJ,www.amazon.com,www.amazon.com,Kindle E-reader,G093KM05425503M5,4289760037,E-Book,5300,1
2025-03-23T17:51:14Z,2025-03-23T17:51:30Z,B08TWV5BMD,www.amazon.com,www.amazon.com,Kindle for Mac,7B1077C69580528C8BC54A7DDC9FF141,1191415184,E-Book,16400,2
2025-02-23T23:16:56Z,2025-02-23T23:23:50Z,B08TWV5BMD,www.amazon.com,www.amazon.com,Kindle E-reader,G093KM05425503M5,4351960007,E-Book,413800,6
2025-05-05T23:03:52Z,2025-05-05T23:03:55Z,605CB454B77F4D3B94AA0CABC0C1C315,,www.amazon.com,Kindle E-reader,G093KM05425503M5,4417570025,Personal Document,2900,1
2025-03-23T18:34:09Z,2025-03-23T18:34:17Z,B08TWV5BMD,www.amazon.com,www.amazon.com,Kindle E-reader,G093KM05425503M5,4351960007,E-Book,8000,1
2025-02-20T08:25:30Z,2025-02-20T08:30:38Z,B0B138BPQQ,www.amazon.com,www.amazon.com,Kindle E-reader,G093KM05425503M5,4351960007,E-Book,308600,19
Not Available,2025-05-06T21:04:51Z,73A796BDD6EF4375A531DBB4A9113875,,www.amazon.com,Kindle E-reader,G093KM05425503M5,,Personal Document,,
2025-03-23T17:14:03Z,2025-03-23T17:14:05Z,B08TWV5BMD,www.amazon.com,www.amazon.com,Kindle for Mac,7B1077C69580528C8BC54A7DDC9FF141,1191415184,E-Book,2000,1
2025-03-23T23:44:44Z,2025-03-23T23:45:11Z,D99D878063A446FB907733B911E2C257,,www.amazon.com,,D1EB7E8F4C3A4611BAC1C351F64AC226,1191415306,Personal Document,27300,8
2025-01-20T18:39:26Z,2025-01-20T18:39:50Z,B08TWV5BMD,www.amazon.com,www.amazon.com,Kindle E-reader,G093KM05425503M5,4351960007,E-Book,23800,5
2024-12-03T07:38:02Z,2024-12-03T07:38:14Z,B0D6RMSDSY,www.amazon.com,www.amazon.com,Kindle E-reader,G093KM05425503M5,4289760037,E-Book,12100,1
2025-03-23T12:38:53Z,2025-03-23T12:39:01Z,B08TWV5BMD,www.amazon.com,www.amazon.com,Kindle for Mac,7B1077C69580528C8BC54A7DDC9FF141,1191415184,E-Book,8400,4
2025-01-15T06:19:04Z,2025-01-15T06:29:04Z,B08TWV5BMD,www.amazon.com,www.amazon.com,Kindle E-reader,G093KM05425503M5,4289760037,E-Book,599900,1
2025-02-01T03:21:11Z,2025-02-01T03:21:16Z,B08TWV5BMD,www.amazon.com,www.amazon.com,Kindle for Mac,7B1077C69580528C8BC54A7DDC9FF141,1191414794,E-Book,4800,1
2025-01-31T18:50:26Z,2025-01-31T20:00:54Z,B08TWV5BMD,www.amazon.com,www.amazon.com,Kindle for Mac,7B1077C69580528C8BC54A7DDC9FF141,1191414794,E-Book,4227800,4
2025-05-06T14:11:13Z,2025-05-06T14:11:18Z,73A796BDD6EF4375A531DBB4A9113875,,www.amazon.com,Kindle E-reader,G093KM05425503M5,4417570025,Personal Document,4700,1
2025-02-23T23:25:06Z,2025-02-24T00:04:43Z,B08TWV5BMD,www.amazon.com,www.amazon.com,Kindle E-reader,G093KM05425503M5,4351960007,E-Book,2377100,21
2025-03-09T21:38:31Z,2025-03-09T21:55:23Z,B08TWV5BMD,www.amazon.com,www.amazon.com,Kindle E-reader,G093KM05425503M5,4351960007,E-Book,1012500,18
2025-01-30T15:52:18Z,2025-01-30T15:52:38Z,B08TWV5BMD,www.amazon.com,www.amazon.com,Kindle for Mac,7B1077C69580528C8BC54A7DDC9FF141,1191414794,E-Book,20200,6
2025-03-23T14:03:32Z,2025-03-23T14:03:43Z,B08TWV5BMD,www.amazon.com,www.amazon.com,Kindle for Mac,7B1077C69580528C8BC54A7DDC9FF141,1191415184,E-Book,10200,3
2025-01-23T16:51:42Z,2025-01-23T16:51:46Z,B0BMF2M8Z6,www.amazon.com,www.amazon.com,Kindle E-reader,G093KM05425503M5,4351960007,E-Book,4000,1
2025-01-30T15:46:34Z,2025-01-30T15:46:44Z,B08TWV5BMD,www.amazon.com,www.amazon.com,Kindle for Mac,7B1077C69580528C8BC54A7DDC9FF141,1191414794,E-Book,9700,2
2025-01-30T16:52:15Z,2025-01-30T16:52:21Z,B08TWV5BMD,www.amazon.com,www.amazon.com,Kindle for Mac,7B1077C69580528C8BC54A7DDC9FF141,1191414794,E-Book,5600,1
2024-12-11T13:30:50Z,2024-12-11T14:02:05Z,B0D5JLH3RJ,www.amazon.com,www.amazon.com,Kindle E-reader,G093KM05425503M5,4289760037,E-Book,1875200,22
2025-02-19T04:20:37Z,2025-02-19T04:21:08Z,B08M968WT1,,www.amazon.com,Kindle E-reader,G093KM05425503M5,4351960007,E-Book Sample,30600,1
2025-02-06T20:16:39Z,2025-02-06T20:16:42Z,B0BMF2M8Z6,www.amazon.com,www.amazon.com,Kindle E-reader,G093KM05425503M5,4351960007,E-Book,2800,1
2025-02-12T10:50:38Z,2025-02-12T10:50:47Z,B07FS25XTW,,www.amazon.com,Kindle E-reader,G093KM05425503M5,4351960007,E-Book Sample,8500,1
2025-03-23T15:46:24Z,2025-03-23T15:48:20Z,B08TWV5BMD,www.amazon.com,www.amazon.com,Kindle for Mac,7B1077C69580528C8BC54A7DDC9FF141,1191415184,E-Book,116600,3
2025-01-23T08:28:25Z,2025-01-23T08:47:12Z,B08TWV5BMD,www.amazon.com,www.amazon.com,Kindle E-reader,G093KM05425503M5,4351960007,E-Book,1126700,9
2024-12-07T12:46:48Z,2024-12-07T12:47:38Z,,,www.amazon.com,Kindle E-reader,G093KM05425503M5,4289760037,SIDE,50400,4
2025-03-21T16:30:56Z,2025-03-21T16:31:44Z,1E923DA2BEF547EDA04AA579D23D96A3,,www.amazon.com,,0B671A09510D489380FB769AAF4CF99C,1191415306,Personal Document,48200,20
2025-05-07T20:15:43Z,2025-05-07T20:15:47Z,73A796BDD6EF4375A531DBB4A9113875,,www.amazon.com,Kindle E-reader,G093KM05425503M5,4417570025,Personal Document,4200,1
2025-01-30T16:52:25Z,2025-01-30T16:52:27Z,B08TWV5BMD,www.amazon.com,www.amazon.com,Kindle for Mac,7B1077C69580528C8BC54A7DDC9FF141,1191414794,E-Book,1700,1
Not Available,2025-03-19T11:28:52Z,226B133AC0FC463185E57561BF84791C,,www.amazon.com,Kindle E-reader,G093KM05425503M5,,Personal Document,,
2024-12-09T10:43:29Z,2024-12-09T10:43:48Z,B0CYBXTKJJ,,www.amazon.com,Kindle E-reader,G093KM05425503M5,4289760037,E-Book Sample,19400,12
2025-03-23T17:07:50Z,2025-03-23T17:07:53Z,B08TWV5BMD,www.amazon.com,www.amazon.com,Kindle for Mac,7B1077C69580528C8BC54A7DDC9FF141,1191415184,E-Book,3600,1
2025-03-23T15:14:00Z,2025-03-23T15:14:04Z,B08TWV5BMD,www.amazon.com,www.amazon.com,Kindle for Mac,7B1077C69580528C8BC54A7DDC9FF141,1191415184,E-Book,4600,1
2025-02-20T09:18:44Z,2025-02-20T09:19:31Z,B08TWV5BMD,www.amazon.com,www.amazon.com,,0B671A09510D489380FB769AAF4CF99C,1191414928,E-Book,46800,12
2025-02-26T08:04:01Z,2025-02-26T08:20:35Z,B09R8WZXJ8,www.amazon.com,www.amazon.com,Kindle E-reader,G093KM05425503M5,4351960007,E-Book,993600,18
2025-03-19T01:01:43Z,2025-03-19T01:01:51Z,226B133AC0FC463185E57561BF84791C,,www.amazon.com,Kindle E-reader,G093KM05425503M5,4351960007,Personal Document,7800,1
2025-03-25T00:10:26Z,2025-03-25T00:10:43Z,D99D878063A446FB907733B911E2C257,,www.amazon.com,Kindle E-reader,G093KM05425503M5,4351960007,Personal Document,17000,1
2025-02-18T05:48:55Z,2025-02-18T05:49:00Z,B08TWV5BMD,www.amazon.com,www.amazon.com,Kindle E-reader,G093KM05425503M5,4351960007,E-Book,4500,1
2025-03-23T23:44:26Z,2025-03-23T23:44:36Z,D99D878063A446FB907733B911E2C257,,www.amazon.com,,D1EB7E8F4C3A4611BAC1C351F64AC226,1191415306,Personal Document,9900,1
Not Available,2025-02-20T06:15:48Z,364FE507FA904A949F41055F19069D97,,www.amazon.com,,0B671A09510D489380FB769AAF4CF99C,,Personal Document,,
2025-01-14T04:27:52Z,2025-01-14T04:48:26Z,B08TWV5BMD,www.amazon.com,www.amazon.com,Kindle E-reader,G093KM05425503M5,4289760037,E-Book,1233500,11
2025-03-19T11:09:41Z,2025-03-19T11:09:46Z,B08GJVLGGX,,www.amazon.com,Kindle E-reader,G093KM05425503M5,4351960007,E-Book Sample,4200,1
2025-02-18T05:53:05Z,2025-02-18T05:53:09Z,B08TWV5BMD,www.amazon.com,www.amazon.com,Kindle E-reader,G093KM05425503M5,4351960007,E-Book,4600,1
2025-01-30T15:57:20Z,2025-01-30T15:57:23Z,B08TWV5BMD,www.amazon.com,www.amazon.com,Kindle for Mac,7B1077C69580528C8BC54A7DDC9FF141,1191414794,E-Book,2500,1
2025-05-06T13:13:36Z,2025-05-06T13:14:08Z,73A796BDD6EF4375A531DBB4A9113875,,www.amazon.com,Kindle E-reader,G093KM05425503M5,4417570025,Personal Document,31500,21
2025-02-17T19:22:02Z,2025-02-17T19:22:10Z,B0D5JLH3RJ,www.amazon.com,www.amazon.com,Kindle E-reader,G093KM05425503M5,4351960007,E-Book,7400,1
2025-05-05T23:03:21Z,2025-05-05T23:03:24Z,605CB454B77F4D3B94AA0CABC0C1C315,,www.amazon.com,Kindle E-reader,G093KM05425503M5,4417570025,Personal Document,3000,1
2025-02-20T06:15:47Z,2025-02-20T06:16:17Z,364FE507FA904A949F41055F19069D97,,www.amazon.com,,0B671A09510D489380FB769AAF4CF99C,1191414928,Personal Document,30100,13
2025-02-17T21:48:58Z,2025-02-17T21:49:14Z,B08TWV5BMD,www.amazon.com,www.amazon.com,Kindle E-reader,G093KM05425503M5,4351960007,E-Book,15600,1
2025-03-23T16:58:31Z,2025-03-23T16:58:32Z,B08TWV5BMD,www.amazon.com,www.amazon.com,Kindle for Mac,7B1077C69580528C8BC54A7DDC9FF141,1191415184,E-Book,1400,1
2025-03-23T17:05:41Z,2025-03-23T17:05:44Z,B08TWV5BMD,www.amazon.com,www.amazon.com,Kindle for Mac,7B1077C69580528C8BC54A7DDC9FF141,1191415184,E-Book,3500,1
2025-03-18T02:36:02Z,2025-03-18T02:36:08Z,,,www.amazon.com,Kindle E-reader,G093KM05425503M5,4351960007,SIDE,6000,1
2025-02-03T15:22:43Z,2025-02-03T15:45:52Z,B08TWV5BMD,www.amazon.com,www.amazon.com,Kindle for Mac,7B1077C69580528C8BC54A7DDC9FF141,1191414794,E-Book,1389100,1
2025-02-20T08:31:21Z,2025-02-20T08:32:00Z,B0B138BPQQ,www.amazon.com,www.amazon.com,Kindle E-reader,G093KM05425503M5,4351960007,E-Book,38200,12
2025-03-23T14:54:17Z,2025-03-23T14:56:30Z,B08TWV5BMD,www.amazon.com,www.amazon.com,Kindle for Mac,7B1077C69580528C8BC54A7DDC9FF141,1191415184,E-Book,132900,2
2025-02-06T07:44:16Z,2025-02-06T07:56:12Z,B0BMF2M8Z6,www.amazon.com,www.amazon.com,Kindle E-reader,G093KM05425503M5,4351960007,E-Book,716600,10
2025-02-07T09:12:19Z,2025-02-07T09:21:26Z,B0BMF2M8Z6,www.amazon.com,www.amazon.com,Kindle E-reader,G093KM05425503M5,4351960007,E-Book,546500,1
2025-03-18T04:38:05Z,2025-03-18T04:44:01Z,B009ZAGHHQ,,www.amazon.com,Kindle E-reader,G093KM05425503M5,4351960007,E-Book Sample,356200,128
2025-02-01T00:30:07Z,2025-02-01T00:30:37Z,B08TWV5BMD,www.amazon.com,www.amazon.com,Kindle for Mac,7B1077C69580528C8BC54A7DDC9FF141,1191414794,E-Book,30400,1
2025-02-25T06:39:07Z,2025-02-25T06:40:59Z,B08TWV5BMD,www.amazon.com,www.amazon.com,Kindle E-reader,G093KM05425503M5,4351960007,E-Book,112200,3
2025-03-23T16:07:58Z,2025-03-23T16:09:12Z,B08TWV5BMD,www.amazon.com,www.amazon.com,Kindle for Mac,7B1077C69580528C8BC54A7DDC9FF141,1191415184,E-Book,74200,2
2025-01-21T13:18:07Z,2025-01-21T13:28:08Z,B08TWV5BMD,www.amazon.com,www.amazon.com,Kindle E-reader,G093KM05425503M5,4351960007,E-Book,601400,1
2025-02-01T23:29:08Z,2025-02-02T01:19:12Z,B08TWV5BMD,www.amazon.com,www.amazon.com,Kindle for Mac,7B1077C69580528C8BC54A7DDC9FF141,1191414794,E-Book,6603700,1
2025-01-10T16:53:28Z,2025-01-10T16:53:29Z,B0BMF2M8Z6,www.amazon.com,www.amazon.com,Kindle E-reader,G093KM05425503M5,4289760037,E-Book,1000,1
2025-01-30T17:28:37Z,2025-01-30T17:28:39Z,B08TWV5BMD,www.amazon.com,www.amazon.com,Kindle for Mac,7B1077C69580528C8BC54A7DDC9FF141,1191414794,E-Book,1700,1
2025-02-03T09:35:42Z,2025-02-03T10:16:23Z,B08TWV5BMD,www.amazon.com,www.amazon.com,Kindle for Mac,7B1077C69580528C8BC54A7DDC9FF141,1191414794,E-Book,2440700,1
2025-01-17T03:22:00Z,2025-01-17T03:22:07Z,B0BMF2M8Z6,www.amazon.com,www.amazon.com,,0B671A09510D489380FB769AAF4CF99C,1191414794,E-Book,6600,1
2025-02-01T12:32:47Z,2025-02-01T14:35:28Z,B08TWV5BMD,www.amazon.com,www.amazon.com,Kindle for Mac,7B1077C69580528C8BC54A7DDC9FF141,1191414794,E-Book,7361500,1
2025-02-04T07:45:44Z,2025-02-04T07:49:53Z,B08TWV5BMD,www.amazon.com,www.amazon.com,Kindle for Mac,7B1077C69580528C8BC54A7DDC9FF141,1191414794,E-Book,249700,1
2025-01-17T03:49:53Z,2025-01-17T03:53:49Z,B08TWV5BMD,www.amazon.com,www.amazon.com,Kindle for Mac,7B1077C69580528C8BC54A7DDC9FF141,1191414794,E-Book,236000,158
2024-11-29T16:04:34Z,2024-11-29T16:04:56Z,B0D6RMSDSY,www.amazon.com,www.amazon.com,Kindle E-reader,G093KM05425503M5,4289760037,E-Book,22200,5
2025-03-23T12:14:29Z,2025-03-23T12:14:30Z,B08TWV5BMD,www.amazon.com,www.amazon.com,Kindle for Mac,7B1077C69580528C8BC54A7DDC9FF141,1191415184,E-Book,1200,1
2025-03-23T16:35:46Z,2025-03-23T16:37:07Z,B08TWV5BMD,www.amazon.com,www.amazon.com,Kindle for Mac,7B1077C69580528C8BC54A7DDC9FF141,1191415184,E-Book,81200,2
2025-02-17T22:16:12Z,2025-02-17T22:21:01Z,B08TWV5BMD,www.amazon.com,www.amazon.com,Kindle E-reader,G093KM05425503M5,4351960007,E-Book,289100,5
2025-01-13T08:26:48Z,2025-01-13T08:44:16Z,B08TWV5BMD,,www.amazon.com,Kindle E-reader,G093KM05425503M5,4289760037,E-Book Sample,1048600,29
2025-02-18T15:32:07Z,2025-02-18T15:36:33Z,B08TWV5BMD,www.amazon.com,www.amazon.com,Kindle E-reader,G093KM05425503M5,4351960007,E-Book,265900,2
2025-03-23T12:27:44Z,2025-03-23T12:27:46Z,B08TWV5BMD,www.amazon.com,www.amazon.com,Kindle for Mac,7B1077C69580528C8BC54A7DDC9FF141,1191415184,E-Book,1800,1
2025-01-30T15:58:00Z,2025-01-30T15:58:02Z,B08TWV5BMD,www.amazon.com,www.amazon.com,Kindle for Mac,7B1077C69580528C8BC54A7DDC9FF141,1191414794,E-Book,2400,1
2025-05-06T15:07:37Z,2025-05-06T15:08:29Z,CBDF7364B33944479B6871B680697E65,,www.amazon.com,Kindle E-reader,G093KM05425503M5,4417570025,Personal Document,52200,8
2025-01-31T11:22:34Z,2025-01-31T13:01:51Z,B08TWV5BMD,www.amazon.com,www.amazon.com,Kindle for Mac,7B1077C69580528C8BC54A7DDC9FF141,1191414794,E-Book,5957100,1
2025-03-23T17:15:51Z,2025-03-23T17:17:05Z,B08TWV5BMD,www.amazon.com,www.amazon.com,Kindle for Mac,7B1077C69580528C8BC54A7DDC9FF141,1191415184,E-Book,74000,1
2025-02-18T05:06:57Z,2025-02-18T05:47:30Z,B08TWV5BMD,www.amazon.com,www.amazon.com,Kindle E-reader,G093KM05425503M5,4351960007,E-Book,2432400,4
2025-01-30T15:27:23Z,2025-01-30T15:27:41Z,B08TWV5BMD,www.amazon.com,www.amazon.com,Kindle for Mac,7B1077C69580528C8BC54A7DDC9FF141,1191414794,E-Book,18100,10
2025-05-07T20:15:53Z,2025-05-07T20:16:19Z,B015MQS30K,,www.amazon.com,Kindle E-reader,G093KM05425503M5,4417570025,E-Book Sample,25900,12
2025-03-17T21:34:46Z,2025-03-17T23:00:56Z,B08TWV5BMD,www.amazon.com,www.amazon.com,Kindle E-reader,G093KM05425503M5,4351960007,E-Book,5170500,123
2025-06-03T05:36:03Z,2025-06-03T05:37:18Z,EA9A179BAD4D4466B1E597489FFC099C,,www.amazon.com,,0B671A09510D489380FB769AAF4CF99C,1191415946,Personal Document,74100,3
2025-01-30T19:27:15Z,2025-01-30T20:04:38Z,B08TWV5BMD,www.amazon.com,www.amazon.com,Kindle for Mac,7B1077C69580528C8BC54A7DDC9FF141,1191414794,E-Book,2243800,1
2025-04-25T06:52:49Z,2025-04-25T06:53:00Z,226B133AC0FC463185E57561BF84791C,,www.amazon.com,Kindle E-reader,G093KM05425503M5,4417570025,Personal Document,11200,1
2025-02-17T19:40:23Z,2025-02-17T19:41:09Z,B08TWV5BMD,www.amazon.com,www.amazon.com,Kindle E-reader,G093KM05425503M5,4351960007,E-Book,46600,22
Not Available,2025-06-03T06:01:11Z,EA9A179BAD4D4466B1E597489FFC099C,,www.amazon.com,,0B671A09510D489380FB769AAF4CF99C,,Personal Document,,
2025-01-30T15:34:41Z,2025-01-30T15:35:43Z,B08TWV5BMD,www.amazon.com,www.amazon.com,Kindle for Mac,7B1077C69580528C8BC54A7DDC9FF141,1191414794,E-Book,61200,30
2025-01-30T16:47:18Z,2025-01-30T16:47:20Z,B08TWV5BMD,www.amazon.com,www.amazon.com,Kindle for Mac,7B1077C69580528C8BC54A7DDC9FF141,1191414794,E-Book,2700,1
2025-01-21T05:43:02Z,2025-01-21T05:54:08Z,B08TWV5BMD,www.amazon.com,www.amazon.com,Kindle E-reader,G093KM05425503M5,4351960007,E-Book,666000,4
2025-03-23T13:36:17Z,2025-03-23T13:36:48Z,B08TWV5BMD,www.amazon.com,www.amazon.com,Kindle for Mac,7B1077C69580528C8BC54A7DDC9FF141,1191415184,E-Book,30800,1
2025-02-26T04:56:15Z,2025-02-26T05:04:09Z,B08TWV5BMD,www.amazon.com,www.amazon.com,Kindle E-reader,G093KM05425503M5,4351960007,E-Book,473600,4
2024-12-09T23:37:28Z,2024-12-09T23:37:36Z,B072FHGX8Q,www.amazon.com,www.amazon.com,Kindle E-reader,G093KM05425503M5,4289760037,E-Book,7900,3
2024-12-08T16:06:25Z,2024-12-08T16:06:41Z,B0D6RMSDSY,www.amazon.com,www.amazon.com,Kindle E-reader,G093KM05425503M5,4289760037,E-Book,16200,2
Not Available,2025-01-16T11:00:43Z,B08TWV5BMD,www.amazon.com,www.amazon.com,Kindle E-reader,G093KM05425503M5,,E-Book,,
2025-01-30T17:01:36Z,2025-01-30T17:01:36Z,B08TWV5BMD,www.amazon.com,www.amazon.com,Kindle for Mac,7B1077C69580528C8BC54A7DDC9FF141,1191414794,E-Book,700,1
2025-01-30T16:46:38Z,2025-01-30T16:47:07Z,B08TWV5BMD,www.amazon.com,www.amazon.com,Kindle for Mac,7B1077C69580528C8BC54A7DDC9FF141,1191414794,E-Book,29200,3
2024-12-09T09:51:11Z,2024-12-09T10:02:21Z,B0CYBXTKJJ,,www.amazon.com,Kindle E-reader,G093KM05425503M5,4289760037,E-Book Sample,670700,3
2025-01-30T16:25:44Z,2025-01-30T16:38:19Z,B08TWV5BMD,www.amazon.com,www.amazon.com,Kindle for Mac,7B1077C69580528C8BC54A7DDC9FF141,1191414794,E-Book,755300,1
2025-01-30T15:34:38Z,2025-01-30T15:34:41Z,B08TWV5BMD,www.amazon.com,www.amazon.com,Kindle for Mac,7B1077C69580528C8BC54A7DDC9FF141,1191414794,E-Book,2900,1
2024-12-11T13:22:01Z,2024-12-11T13:22:04Z,B0D5JLH3RJ,www.amazon.com,www.amazon.com,Kindle E-reader,G093KM05425503M5,4289760037,E-Book,2400,1
2025-03-18T04:44:44Z,2025-03-18T04:46:05Z,B07FS25XTW,,www.amazon.com,Kindle E-reader,G093KM05425503M5,4351960007,E-Book Sample,81700,3
2025-01-17T04:17:05Z,2025-01-17T04:17:10Z,B08TWV5BMD,www.amazon.com,www.amazon.com,Kindle for Mac,7B1077C69580528C8BC54A7DDC9FF141,1191414794,E-Book,4600,2
2025-03-23T15:50:43Z,2025-03-23T15:51:31Z,B08TWV5BMD,www.amazon.com,www.amazon.com,Kindle for Mac,7B1077C69580528C8BC54A7DDC9FF141,1191415184,E-Book,47700,3
2025-03-23T12:41:04Z,2025-03-23T12:41:23Z,B08TWV5BMD,www.amazon.com,www.amazon.com,Kindle for Mac,7B1077C69580528C8BC54A7DDC9FF141,1191415184,E-Book,19200,4
2025-01-31T17:01:19Z,2025-01-31T17:28:16Z,B08TWV5BMD,www.amazon.com,www.amazon.com,Kindle for Mac,7B1077C69580528C8BC54A7DDC9FF141,1191414794,E-Book,1617100,1
2025-05-06T12:08:51Z,2025-05-06T12:08:56Z,B0C5879F526A41B087D19B2C20C6E531,,www.amazon.com,Kindle E-reader,G093KM05425503M5,4417570025,Personal Document,5700,1
2025-02-20T16:18:59Z,2025-02-20T16:19:07Z,B08TWV5BMD,www.amazon.com,www.amazon.com,Kindle E-reader,G093KM05425503M5,4351960007,E-Book,7400,1
2025-01-15T11:06:48Z,2025-01-15T11:13:29Z,B08TWV5BMD,www.amazon.com,www.amazon.com,Kindle E-reader,G093KM05425503M5,4289760037,E-Book,400900,1
2025-01-17T03:56:17Z,2025-01-17T03:56:18Z,B08TWV5BMD,www.amazon.com,www.amazon.com,Kindle for Mac,7B1077C69580528C8BC54A7DDC9FF141,1191414794,E-Book,800,1
2025-03-07T05:07:29Z,2025-03-07T05:07:41Z,B08TWV5BMD,www.amazon.com,www.amazon.com,Kindle E-reader,G093KM05425503M5,4351960007,E-Book,12800,1
2025-02-27T21:14:42Z,2025-02-27T21:21:19Z,B08TWV5BMD,www.amazon.com,www.amazon.com,Kindle E-reader,G093KM05425503M5,4351960007,E-Book,397400,13
2025-01-30T18:12:22Z,2025-01-30T18:43:02Z,B08TWV5BMD,www.amazon.com,www.amazon.com,Kindle for Mac,7B1077C69580528C8BC54A7DDC9FF141,1191414794,E-Book,1839700,1
2025-03-19T16:37:24Z,2025-03-19T16:58:19Z,B08TWV5BMD,www.amazon.com,www.amazon.com,Kindle E-reader,G093KM05425503M5,4351960007,E-Book,1254900,133
2025-01-20T19:05:53Z,2025-01-20T19:11:53Z,B08TWV5BMD,www.amazon.com,www.amazon.com,Kindle E-reader,G093KM05425503M5,4351960007,E-Book,360100,1
2025-03-06T08:51:27Z,2025-03-06T08:55:20Z,B08GJVLGGX,,www.amazon.com,Kindle E-reader,G093KM05425503M5,4351960007,E-Book Sample,232900,4
2025-03-23T16:57:53Z,2025-03-23T16:58:00Z,B08TWV5BMD,www.amazon.com,www.amazon.com,Kindle for Mac,7B1077C69580528C8BC54A7DDC9FF141,1191415184,E-Book,6500,1
2025-03-23T12:22:07Z,2025-03-23T12:23:37Z,B08TWV5BMD,www.amazon.com,www.amazon.com,Kindle for Mac,7B1077C69580528C8BC54A7DDC9FF141,1191415184,E-Book,89800,1
2025-01-21T08:40:05Z,2025-01-21T08:40:28Z,B08TWV5BMD,www.amazon.com,www.amazon.com,Kindle for Mac,7B1077C69580528C8BC54A7DDC9FF141,1191414794,E-Book,22600,9
2025-03-09T21:25:31Z,2025-03-09T21:29:21Z,B08TWV5BMD,www.amazon.com,www.amazon.com,Kindle E-reader,G093KM05425503M5,4351960007,E-Book,229600,2
2025-03-19T14:51:42Z,2025-03-19T14:51:42Z,B08TWV5BMD,www.amazon.com,www.amazon.com,Kindle for Mac,7B1077C69580528C8BC54A7DDC9FF141,1191415184,E-Book,500,1
2025-02-04T20:49:48Z,2025-02-04T21:17:07Z,B08TWV5BMD,www.amazon.com,www.amazon.com,Kindle for Mac,7B1077C69580528C8BC54A7DDC9FF141,1191414794,E-Book,1639100,1
Not Available,2025-05-14T19:35:27Z,B0C5879F526A41B087D19B2C20C6E531,,www.amazon.com,Kindle E-reader,G093KM05425503M5,,Personal Document,,
2025-03-09T21:13:33Z,2025-03-09T21:25:23Z,B08TWV5BMD,www.amazon.com,www.amazon.com,Kindle E-reader,G093KM05425503M5,4351960007,E-Book,710600,17
2025-02-04T07:57:41Z,2025-02-04T07:58:12Z,B08TWV5BMD,www.amazon.com,www.amazon.com,Kindle for Mac,7B1077C69580528C8BC54A7DDC9FF141,1191414794,E-Book,30400,1
2025-05-08T21:02:13Z,2025-05-08T21:02:17Z,73A796BDD6EF4375A531DBB4A9113875,,www.amazon.com,Kindle E-reader,G093KM05425503M5,4417570025,Personal Document,4400,2
2025-03-23T13:12:56Z,2025-03-23T13:23:13Z,B08TWV5BMD,www.amazon.com,www.amazon.com,Kindle for Mac,7B1077C69580528C8BC54A7DDC9FF141,1191415184,E-Book,617700,8
2025-03-23T17:03:31Z,2025-03-23T17:03:32Z,B08TWV5BMD,www.amazon.com,www.amazon.com,Kindle for Mac,7B1077C69580528C8BC54A7DDC9FF141,1191415184,E-Book,1100,1
2024-11-29T18:11:02Z,2024-11-29T18:11:29Z,B0D6RMSDSY,www.amazon.com,www.amazon.com,Kindle E-reader,G093KM05425503M5,4289760037,E-Book,26300,1
2024-12-09T10:53:48Z,2024-12-09T10:56:46Z,B0D5JLH3RJ,www.amazon.com,www.amazon.com,Kindle E-reader,G093KM05425503M5,4289760037,E-Book,177700,1
2025-03-19T11:08:59Z,2025-03-19T11:09:19Z,226B133AC0FC463185E57561BF84791C,,www.amazon.com,Kindle E-reader,G093KM05425503M5,4351960007,Personal Document,20100,1
2025-03-23T12:24:06Z,2025-03-23T12:25:51Z,B08TWV5BMD,www.amazon.com,www.amazon.com,Kindle for Mac,7B1077C69580528C8BC54A7DDC9FF141,1191415184,E-Book,105000,6
2025-03-23T16:02:56Z,2025-03-23T16:07:57Z,B08TWV5BMD,www.amazon.com,www.amazon.com,Kindle for Mac,7B1077C69580528C8BC54A7DDC9FF141,1191415184,E-Book,301100,1
2025-01-30T17:23:38Z,2025-01-30T17:23:45Z,B08TWV5BMD,www.amazon.com,www.amazon.com,Kindle for Mac,7B1077C69580528C8BC54A7DDC9FF141,1191414794,E-Book,7400,1
2024-12-11T11:46:51Z,2024-12-11T11:49:18Z,B001AS6H1M,www.amazon.com,www.amazon.com,Kindle E-reader,G093KM05425503M5,4289760037,E-Book,147500,142
2025-01-23T12:37:04Z,2025-01-23T12:47:04Z,B0BMF2M8Z6,www.amazon.com,www.amazon.com,Kindle E-reader,G093KM05425503M5,4351960007,E-Book,599800,1
2025-03-22T22:01:36Z,2025-03-22T22:02:05Z,B08TWV5BMD,www.amazon.com,www.amazon.com,Kindle E-reader,G093KM05425503M5,4351960007,E-Book,29200,1
2024-12-07T12:47:41Z,2024-12-07T12:47:50Z,,,www.amazon.com,Kindle E-reader,G093KM05425503M5,4289760037,SIDE,9000,2
2025-02-25T07:28:29Z,2025-02-25T07:43:27Z,B08TWV5BMD,www.amazon.com,www.amazon.com,Kindle E-reader,G093KM05425503M5,4351960007,E-Book,897100,9
2025-01-15T06:36:53Z,2025-01-15T06:46:52Z,B08TWV5BMD,www.amazon.com,www.amazon.com,Kindle E-reader,G093KM05425503M5,4289760037,E-Book,599300,1
2025-05-05T23:04:16Z,2025-05-05T23:04:36Z,B0C5879F526A41B087D19B2C20C6E531,,www.amazon.com,Kindle E-reader,G093KM05425503M5,4417570025,Personal Document,20100,5
2025-03-23T15:46:05Z,2025-03-23T15:46:12Z,B08TWV5BMD,www.amazon.com,www.amazon.com,Kindle for Mac,7B1077C69580528C8BC54A7DDC9FF141,1191415184,E-Book,7000,3
2025-01-21T08:57:05Z,2025-01-21T08:57:37Z,B08TWV5BMD,www.amazon.com,www.amazon.com,Kindle for Mac,7B1077C69580528C8BC54A7DDC9FF141,1191414794,E-Book,31900,1
2025-03-17T19:32:32Z,2025-03-17T19:32:36Z,B08TWV5BMD,www.amazon.com,www.amazon.com,Kindle E-reader,G093KM05425503M5,4351960007,E-Book,3100,1
2024-12-07T12:48:11Z,2024-12-07T12:49:25Z,D9A72D3425174F1287CC791716BC074F,,www.amazon.com,Kindle E-reader,G093KM05425503M5,4289760037,Personal Document,74000,12
2025-02-07T11:20:15Z,2025-02-07T11:23:44Z,B0BMF2M8Z6,www.amazon.com,www.amazon.com,Kindle E-reader,G093KM05425503M5,4351960007,E-Book,209000,2
2025-01-30T16:50:47Z,2025-01-30T16:51:04Z,B08TWV5BMD,www.amazon.com,www.amazon.com,Kindle for Mac,7B1077C69580528C8BC54A7DDC9FF141,1191414794,E-Book,16700,4
2025-02-04T15:01:37Z,2025-02-04T15:38:28Z,B08TWV5BMD,www.amazon.com,www.amazon.com,Kindle for Mac,7B1077C69580528C8BC54A7DDC9FF141,1191414794,E-Book,2211500,1
2025-05-06T12:11:01Z,2025-05-06T12:11:04Z,B0C5879F526A41B087D19B2C20C6E531,,www.amazon.com,Kindle E-reader,G093KM05425503M5,4417570025,Personal Document,3600,1
2025-01-30T16:43:42Z,2025-01-30T16:43:43Z,B08TWV5BMD,www.amazon.com,www.amazon.com,Kindle for Mac,7B1077C69580528C8BC54A7DDC9FF141,1191414794,E-Book,900,1
2025-03-23T12:13:20Z,2025-03-23T12:13:28Z,B08TWV5BMD,www.amazon.com,www.amazon.com,Kindle for Mac,7B1077C69580528C8BC54A7DDC9FF141,1191415184,E-Book,7900,1
2024-12-09T06:33:43Z,2024-12-09T06:47:53Z,B0CYBXTKJJ,,www.amazon.com,Kindle E-reader,G093KM05425503M5,4289760037,E-Book Sample,849700,6
2025-02-07T10:36:36Z,2025-02-07T10:46:36Z,B0BMF2M8Z6,www.amazon.com,www.amazon.com,Kindle E-reader,G093KM05425503M5,4351960007,E-Book,599800,1
2025-03-24T05:52:42Z,2025-03-24T06:09:44Z,D99D878063A446FB907733B911E2C257,,www.amazon.com,Kindle E-reader,G093KM05425503M5,4351960007,Personal Document,1021800,17
2024-12-10T17:49:01Z,2024-12-10T17:49:16Z,B0D5JLH3RJ,www.amazon.com,www.amazon.com,Kindle E-reader,G093KM05425503M5,4289760037,E-Book,14500,1
2025-05-14T19:23:03Z,2025-05-14T19:35:27Z,B0C5879F526A41B087D19B2C20C6E531,,www.amazon.com,Kindle E-reader,G093KM05425503M5,4417570025,Personal Document,744600,19
2025-02-02T17:09:02Z,2025-02-02T17:46:02Z,B08TWV5BMD,www.amazon.com,www.amazon.com,Kindle for Mac,7B1077C69580528C8BC54A7DDC9FF141,1191414794,E-Book,2220000,1
2025-02-06T10:21:45Z,2025-02-06T10:21:56Z,B09HZ2JM6G,,www.amazon.com,Kindle E-reader,G093KM05425503M5,4351960007,E-Book Sample,10400,1
2025-02-20T06:21:08Z,2025-02-20T06:23:01Z,B0B138BPQQ,www.amazon.com,www.amazon.com,,0B671A09510D489380FB769AAF4CF99C,1191414928,E-Book,113500,23
2024-12-10T22:46:07Z,2024-12-10T22:56:07Z,B0D5JLH3RJ,www.amazon.com,www.amazon.com,Kindle E-reader,G093KM05425503M5,4289760037,E-Book,599900,1
2025-02-20T06:09:59Z,2025-02-20T06:10:04Z,B08TWV5BMD,www.amazon.com,www.amazon.com,,0B671A09510D489380FB769AAF4CF99C,1191414928,E-Book,4200,3
2025-02-21T12:47:36Z,2025-02-21T12:47:43Z,B08TWV5BMD,www.amazon.com,www.amazon.com,Kindle E-reader,G093KM05425503M5,4351960007,E-Book,6600,1
2025-03-23T12:35:57Z,2025-03-23T12:36:21Z,B08TWV5BMD,www.amazon.com,www.amazon.com,Kindle for Mac,7B1077C69580528C8BC54A7DDC9FF141,1191415184,E-Book,23800,1
2024-12-09T21:57:52Z,2024-12-09T22:06:05Z,B0CYBXTKJJ,,www.amazon.com,Kindle E-reader,G093KM05425503M5,4289760037,E-Book Sample,492700,4
2025-03-23T15:52:57Z,2025-03-23T15:55:36Z,B08TWV5BMD,www.amazon.com,www.amazon.com,Kindle for Mac,7B1077C69580528C8BC54A7DDC9FF141,1191415184,E-Book,159100,4
2025-01-13T08:07:58Z,2025-01-13T08:08:39Z,B0BMF2M8Z6,www.amazon.com,www.amazon.com,Kindle E-reader,G093KM05425503M5,4289760037,E-Book,41200,1
2025-01-13T08:11:43Z,2025-01-13T08:26:19Z,B08TWV5BMD,,www.amazon.com,Kindle E-reader,G093KM05425503M5,4289760037,E-Book Sample,876100,12
2025-01-16T10:36:52Z,2025-01-16T10:40:21Z,B08TWV5BMD,www.amazon.com,www.amazon.com,Kindle E-reader,G093KM05425503M5,4351960007,E-Book,208600,3
2025-01-30T15:34:03Z,2025-01-30T15:34:09Z,B08TWV5BMD,www.amazon.com,www.amazon.com,Kindle for Mac,7B1077C69580528C8BC54A7DDC9FF141,1191414794,E-Book,6000,2
Not Available,2025-06-03T05:58:12Z,EA9A179BAD4D4466B1E597489FFC099C,,www.amazon.com,,0B671A09510D489380FB769AAF4CF99C,,Personal Document,,
2025-01-23T17:47:55Z,2025-01-23T17:57:55Z,B0BMF2M8Z6,www.amazon.com,www.amazon.com,Kindle E-reader,G093KM05425503M5,4351960007,E-Book,599900,1
2025-01-21T12:21:36Z,2025-01-21T12:31:36Z,B08TWV5BMD,www.amazon.com,www.amazon.com,Kindle E-reader,G093KM05425503M5,4351960007,E-Book,599800,1
2024-12-03T11:02:01Z,2024-12-03T11:27:18Z,B0D6RMSDSY,www.amazon.com,www.amazon.com,Kindle E-reader,G093KM05425503M5,4289760037,E-Book,1517300,13
2025-02-14T00:10:44Z,2025-02-14T00:11:34Z,B07FS25XTW,,www.amazon.com,Kindle E-reader,G093KM05425503M5,4351960007,E-Book Sample,49900,1
2025-03-18T23:23:10Z,2025-03-18T23:24:15Z,226B133AC0FC463185E57561BF84791C,,www.amazon.com,Kindle E-reader,G093KM05425503M5,4351960007,Personal Document,65400,57
2025-01-30T16:44:05Z,2025-01-30T16:44:07Z,B08TWV5BMD,www.amazon.com,www.amazon.com,Kindle for Mac,7B1077C69580528C8BC54A7DDC9FF141,1191414794,E-Book,1200,1
2025-03-06T04:50:36Z,2025-03-06T04:50:46Z,B08GJVLGGX,,www.amazon.com,Kindle E-reader,G093KM05425503M5,4351960007,E-Book Sample,9200,1
2025-01-13T11:41:58Z,2025-01-13T11:48:47Z,B08TWV5BMD,www.amazon.com,www.amazon.com,Kindle E-reader,G093KM05425503M5,4289760037,E-Book,409100,3
2025-03-23T12:14:03Z,2025-03-23T12:14:10Z,B08TWV5BMD,www.amazon.com,www.amazon.com,Kindle for Mac,7B1077C69580528C8BC54A7DDC9FF141,1191415184,E-Book,6900,1
Not Available,2025-06-03T06:12:56Z,EA9A179BAD4D4466B1E597489FFC099C,,www.amazon.com,,0B671A09510D489380FB769AAF4CF99C,,Personal Document,,
2025-02-04T08:19:03Z,2025-02-04T08:36:54Z,B08TWV5BMD,www.amazon.com,www.amazon.com,Kindle for Mac,7B1077C69580528C8BC54A7DDC9FF141,1191414794,E-Book,1071400,1
2025-03-23T15:56:25Z,2025-03-23T15:56:57Z,B08TWV5BMD,www.amazon.com,www.amazon.com,Kindle for Mac,7B1077C69580528C8BC54A7DDC9FF141,1191415184,E-Book,31500,1
2025-03-19T17:05:26Z,2025-03-19T17:05:44Z,B08TWV5BMD,www.amazon.com,www.amazon.com,Kindle E-reader,G093KM05425503M5,4351960007,E-Book,17800,1
2025-01-30T15:41:18Z,2025-01-30T15:41:31Z,B08TWV5BMD,www.amazon.com,www.amazon.com,Kindle for Mac,7B1077C69580528C8BC54A7DDC9FF141,1191414794,E-Book,13000,2
2024-12-11T14:29:15Z,2024-12-11T14:29:20Z,B0D5JLH3RJ,www.amazon.com,www.amazon.com,Kindle E-reader,G093KM05425503M5,4289760037,E-Book,4600,1
2025-02-18T06:09:33Z,2025-02-18T06:20:24Z,B08TWV5BMD,www.amazon.com,www.amazon.com,Kindle E-reader,G093KM05425503M5,4351960007,E-Book,650700,1
2024-12-13T16:12:24Z,2024-12-13T16:12:32Z,B0BMF2M8Z6,www.amazon.com,www.amazon.com,Kindle E-reader,G093KM05425503M5,4289760037,E-Book,7900,3
2025-01-30T15:56:56Z,2025-01-30T15:56:57Z,B08TWV5BMD,www.amazon.com,www.amazon.com,Kindle for Mac,7B1077C69580528C8BC54A7DDC9FF141,1191414794,E-Book,1100,1
2025-02-01T14:46:33Z,2025-02-01T15:04:37Z,B08TWV5BMD,www.amazon.com,www.amazon.com,Kindle for Mac,7B1077C69580528C8BC54A7DDC9FF141,1191414794,E-Book,1084300,1
Not Available,2025-03-18T22:28:15Z,226B133AC0FC463185E57561BF84791C,,www.amazon.com,Kindle E-reader,G093KM05425503M5,,Personal Document,,
2025-03-23T17:11:17Z,2025-03-23T17:13:46Z,B08TWV5BMD,www.amazon.com,www.amazon.com,Kindle for Mac,7B1077C69580528C8BC54A7DDC9FF141,1191415184,E-Book,149000,6
2025-01-30T17:06:06Z,2025-01-30T17:06:28Z,B08TWV5BMD,www.amazon.com,www.amazon.com,Kindle for Mac,7B1077C69580528C8BC54A7DDC9FF141,1191414794,E-Book,22000,9
2024-12-10T09:57:41Z,2024-12-10T10:08:38Z,B0D5JLH3RJ,www.amazon.com,www.amazon.com,Kindle E-reader,G093KM05425503M5,4289760037,E-Book,656300,1
2025-01-30T16:44:47Z,2025-01-30T16:45:25Z,B08TWV5BMD,www.amazon.com,www.amazon.com,Kindle for Mac,7B1077C69580528C8BC54A7DDC9FF141,1191414794,E-Book,38800,1
2025-02-28T11:01:16Z,2025-02-28T11:01:21Z,B08GJVLGGX,,www.amazon.com,Kindle E-reader,G093KM05425503M5,4351960007,E-Book Sample,5300,1
2025-03-09T22:50:03Z,2025-03-09T23:09:37Z,B08TWV5BMD,www.amazon.com,www.amazon.com,Kindle E-reader,G093KM05425503M5,4351960007,E-Book,1173800,29
2025-02-25T05:04:15Z,2025-02-25T05:04:22Z,B08TWV5BMD,www.amazon.com,www.amazon.com,Kindle E-reader,G093KM05425503M5,4351960007,E-Book,7700,2
2025-02-27T00:41:50Z,2025-02-27T00:49:02Z,B08TWV5BMD,www.amazon.com,www.amazon.com,Kindle E-reader,G093KM05425503M5,4351960007,E-Book,431400,6
2025-01-17T03:51:24Z,2025-01-17T03:51:40Z,B08TWV5BMD,www.amazon.com,www.amazon.com,,0B671A09510D489380FB769AAF4CF99C,1191414794,E-Book,16100,1
2025-02-06T10:01:07Z,2025-02-06T10:15:01Z,B09HZ2JM6G,,www.amazon.com,Kindle E-reader,G093KM05425503M5,4351960007,E-Book Sample,834400,10
2024-12-12T10:23:47Z,2024-12-12T10:26:12Z,B00MUFP1QG,www.amazon.com,www.amazon.com,Kindle E-reader,G093KM05425503M5,4289760037,E-Book,144500,1
2024-12-05T18:45:03Z,2024-12-05T18:45:48Z,B0D6RMSDSY,www.amazon.com,www.amazon.com,Kindle E-reader,G093KM05425503M5,4289760037,E-Book,45000,5
2025-01-30T16:51:10Z,2025-01-30T16:51:22Z,B08TWV5BMD,www.amazon.com,www.amazon.com,Kindle for Mac,7B1077C69580528C8BC54A7DDC9FF141,1191414794,E-Book,12300,1
2025-02-23T21:23:04Z,2025-02-23T21:34:15Z,B08TWV5BMD,www.amazon.com,www.amazon.com,Kindle E-reader,G093KM05425503M5,4351960007,E-Book,671100,17
2025-03-23T12:09:05Z,2025-03-23T12:12:14Z,B08TWV5BMD,www.amazon.com,www.amazon.com,Kindle for Mac,7B1077C69580528C8BC54A7DDC9FF141,1191415184,E-Book,189700,8
2025-01-30T16:00:25Z,2025-01-30T16:00:25Z,B08TWV5BMD,www.amazon.com,www.amazon.com,Kindle for Mac,7B1077C69580528C8BC54A7DDC9FF141,1191414794,E-Book,600,1
2025-03-23T15:45:23Z,2025-03-23T15:45:25Z,B08TWV5BMD,www.amazon.com,www.amazon.com,Kindle for Mac,7B1077C69580528C8BC54A7DDC9FF141,1191415184,E-Book,1700,1
2025-03-19T16:36:43Z,2025-03-19T16:37:21Z,B08TWV5BMD,www.amazon.com,www.amazon.com,Kindle E-reader,G093KM05425503M5,4351960007,E-Book,37600,3
2025-01-30T15:36:36Z,2025-01-30T15:37:13Z,B08TWV5BMD,www.amazon.com,www.amazon.com,Kindle for Mac,7B1077C69580528C8BC54A7DDC9FF141,1191414794,E-Book,36800,18
Not Available,2025-05-07T04:29:38Z,73A796BDD6EF4375A531DBB4A9113875,,www.amazon.com,Kindle E-reader,G093KM05425503M5,,Personal Document,,
2025-03-23T12:56:47Z,2025-03-23T12:56:54Z,B08TWV5BMD,www.amazon.com,www.amazon.com,Kindle for Mac,7B1077C69580528C8BC54A7DDC9FF141,1191415184,E-Book,6600,1
2025-03-23T06:38:55Z,2025-03-23T06:39:00Z,B08TWV5BMD,www.amazon.com,www.amazon.com,Kindle E-reader,G093KM05425503M5,4351960007,E-Book,4700,1
2025-01-30T16:40:24Z,2025-01-30T16:40:25Z,B08TWV5BMD,www.amazon.com,www.amazon.com,Kindle for Mac,7B1077C69580528C8BC54A7DDC9FF141,1191414794,E-Book,900,1
2025-02-20T22:27:15Z,2025-02-20T22:27:21Z,B08TWV5BMD,www.amazon.com,www.amazon.com,Kindle E-reader,G093KM05425503M5,4351960007,E-Book,5500,1
2024-12-07T12:48:04Z,2024-12-07T12:48:08Z,,,www.amazon.com,Kindle E-reader,G093KM05425503M5,4289760037,SIDE,3700,1
2025-01-30T15:34:14Z,2025-01-30T15:34:37Z,B08TWV5BMD,www.amazon.com,www.amazon.com,Kindle for Mac,7B1077C69580528C8BC54A7DDC9FF141,1191414794,E-Book,22400,1
2025-02-26T07:56:14Z,2025-02-26T08:03:33Z,B08TWV5BMD,www.amazon.com,www.amazon.com,Kindle E-reader,G093KM05425503M5,4351960007,E-Book,439400,10
2025-03-31T05:54:46Z,2025-03-31T06:07:08Z,226B133AC0FC463185E57561BF84791C,,www.amazon.com,Kindle E-reader,G093KM05425503M5,4351960007,Personal Document,741500,4
2025-01-07T23:01:58Z,2025-01-07T23:05:42Z,B0BMF2M8Z6,www.amazon.com,www.amazon.com,Kindle E-reader,G093KM05425503M5,4289760037,E-Book,223600,13
2025-05-08T21:04:32Z,2025-05-08T21:04:54Z,B002OSXNRI,www.amazon.com,www.amazon.com,Kindle E-reader,G093KM05425503M5,4417570025,E-Book,22000,9
2025-02-08T13:55:13Z,2025-02-08T13:55:36Z,B0B2L8CWD9,www.amazon.com,www.amazon.com,,0B671A09510D489380FB769AAF4CF99C,1191414928,E-Book,23400,4
2025-01-16T09:28:13Z,2025-01-16T09:50:42Z,B08TWV5BMD,www.amazon.com,www.amazon.com,Kindle E-reader,G093KM05425503M5,4351960007,E-Book,1349300,12
2025-01-30T16:42:29Z,2025-01-30T16:42:30Z,B08TWV5BMD,www.amazon.com,www.amazon.com,Kindle for Mac,7B1077C69580528C8BC54A7DDC9FF141,1191414794,E-Book,1200,1
2024-12-12T10:27:04Z,2024-12-12T10:27:08Z,B00MUFP1QG,www.amazon.com,www.amazon.com,Kindle E-reader,G093KM05425503M5,4289760037,E-Book,4000,1
2025-01-30T16:45:32Z,2025-01-30T16:45:43Z,B08TWV5BMD,www.amazon.com,www.amazon.com,Kindle for Mac,7B1077C69580528C8BC54A7DDC9FF141,1191414794,E-Book,10900,1
Not Available,2025-03-21T16:31:42Z,1E923DA2BEF547EDA04AA579D23D96A3,,www.amazon.com,,0B671A09510D489380FB769AAF4CF99C,,Personal Document,,
2025-01-30T15:58:08Z,2025-01-30T15:58:24Z,B08TWV5BMD,www.amazon.com,www.amazon.com,Kindle for Mac,7B1077C69580528C8BC54A7DDC9FF141,1191414794,E-Book,15800,2
2025-03-23T12:37:07Z,2025-03-23T12:38:49Z,B08TWV5BMD,www.amazon.com,www.amazon.com,Kindle for Mac,7B1077C69580528C8BC54A7DDC9FF141,1191415184,E-Book,101500,7
2025-02-04T19:05:33Z,2025-02-04T20:17:32Z,B08TWV5BMD,www.amazon.com,www.amazon.com,Kindle for Mac,7B1077C69580528C8BC54A7DDC9FF141,1191414794,E-Book,4318900,1
2025-03-20T21:33:29Z,2025-03-20T21:33:35Z,B08TWV5BMD,www.amazon.com,www.amazon.com,Kindle E-reader,G093KM05425503M5,4351960007,E-Book,6100,1
2025-01-13T09:55:06Z,2025-01-13T09:56:46Z,B08TWV5BMD,www.amazon.com,www.amazon.com,Kindle E-reader,G093KM05425503M5,4289760037,E-Book,100100,1
2025-01-30T16:45:49Z,2025-01-30T16:45:51Z,B08TWV5BMD,www.amazon.com,www.amazon.com,Kindle for Mac,7B1077C69580528C8BC54A7DDC9FF141,1191414794,E-Book,2300,1
2024-12-10T09:37:34Z,2024-12-10T09:56:54Z,B0D5JLH3RJ,www.amazon.com,www.amazon.com,Kindle E-reader,G093KM05425503M5,4289760037,E-Book,1160200,20
2025-02-18T15:37:17Z,2025-02-18T15:53:05Z,B08TWV5BMD,www.amazon.com,www.amazon.com,Kindle E-reader,G093KM05425503M5,4351960007,E-Book,947900,12
2025-01-30T15:37:57Z,2025-01-30T15:38:18Z,B08TWV5BMD,www.amazon.com,www.amazon.com,Kindle for Mac,7B1077C69580528C8BC54A7DDC9FF141,1191414794,E-Book,20600,9
2025-01-23T09:43:45Z,2025-01-23T09:46:38Z,B08TWV5BMD,www.amazon.com,www.amazon.com,Kindle E-reader,G093KM05425503M5,4351960007,E-Book,172500,1
2025-02-25T21:35:08Z,2025-02-25T21:36:08Z,B08TWV5BMD,www.amazon.com,www.amazon.com,Kindle E-reader,G093KM05425503M5,4351960007,E-Book,59500,3
2024-12-09T09:12:37Z,2024-12-09T09:12:42Z,B0D6RMSDSY,www.amazon.com,www.amazon.com,,0B671A09510D489380FB769AAF4CF99C,1191414688,E-Book,5100,1
2025-01-21T08:41:02Z,2025-01-21T08:41:03Z,B08TWV5BMD,www.amazon.com,www.amazon.com,Kindle for Mac,7B1077C69580528C8BC54A7DDC9FF141,1191414794,E-Book,1000,1
2025-03-18T02:36:09Z,2025-03-18T02:36:13Z,D9A72D3425174F1287CC791716BC074F,,www.amazon.com,Kindle E-reader,G093KM05425503M5,4351960007,Personal Document,3600,1
2025-01-31T10:36:41Z,2025-01-31T11:15:45Z,B08TWV5BMD,www.amazon.com,www.amazon.com,Kindle for Mac,7B1077C69580528C8BC54A7DDC9FF141,1191414794,E-Book,2344100,1
2025-01-20T05:34:01Z,2025-01-20T05:34:10Z,B0D6RMSDSY,www.amazon.com,www.amazon.com,Kindle E-reader,G093KM05425503M5,4351960007,E-Book,8700,1
2025-03-23T15:26:00Z,2025-03-23T15:35:11Z,B08TWV5BMD,www.amazon.com,www.amazon.com,Kindle for Mac,7B1077C69580528C8BC54A7DDC9FF141,1191415184,E-Book,550700,2
2024-12-29T12:09:56Z,2024-12-29T12:19:56Z,B0BMF2M8Z6,www.amazon.com,www.amazon.com,Kindle E-reader,G093KM05425503M5,4289760037,E-Book,600000,1
2025-05-07T03:57:23Z,2025-05-07T04:29:38Z,73A796BDD6EF4375A531DBB4A9113875,,www.amazon.com,Kindle E-reader,G093KM05425503M5,4417570025,Personal Document,1934900,36
2025-02-07T14:27:03Z,2025-02-07T14:45:42Z,B0BMF2M8Z6,www.amazon.com,www.amazon.com,Kindle E-reader,G093KM05425503M5,4351960007,E-Book,1118900,6
2024-12-09T09:09:40Z,2024-12-09T09:13:49Z,B0CYBXTKJJ,,www.amazon.com,Kindle E-reader,G093KM05425503M5,4289760037,E-Book Sample,248300,11
2025-03-23T16:47:14Z,2025-03-23T16:48:40Z,B08TWV5BMD,www.amazon.com,www.amazon.com,Kindle for Mac,7B1077C69580528C8BC54A7DDC9FF141,1191415184,E-Book,86100,1
Not Available,2025-05-08T21:02:17Z,73A796BDD6EF4375A531DBB4A9113875,,www.amazon.com,Kindle E-reader,G093KM05425503M5,,Personal Document,,
2025-02-06T07:40:37Z,2025-02-06T07:43:09Z,B0BMF2M8Z6,www.amazon.com,www.amazon.com,Kindle E-reader,G093KM05425503M5,4351960007,E-Book,152500,2
2025-02-06T09:31:02Z,2025-02-06T09:45:50Z,B0BMF2M8Z6,www.amazon.com,www.amazon.com,Kindle E-reader,G093KM05425503M5,4351960007,E-Book,888100,19
2025-01-31T18:02:55Z,2025-01-31T18:17:41Z,B08TWV5BMD,www.amazon.com,www.amazon.com,Kindle for Mac,7B1077C69580528C8BC54A7DDC9FF141,1191414794,E-Book,885800,1
2025-01-30T15:50:35Z,2025-01-30T15:50:56Z,B08TWV5BMD,www.amazon.com,www.amazon.com,Kindle for Mac,7B1077C69580528C8BC54A7DDC9FF141,1191414794,E-Book,20900,2
2024-11-28T01:58:21Z,2024-11-28T01:59:27Z,B0D6RMSDSY,www.amazon.com,www.amazon.com,,0B671A09510D489380FB769AAF4CF99C,1191414672,E-Book,66100,2
2025-01-30T15:47:41Z,2025-01-30T15:47:53Z,B08TWV5BMD,www.amazon.com,www.amazon.com,Kindle for Mac,7B1077C69580528C8BC54A7DDC9FF141,1191414794,E-Book,11800,2
2024-12-09T21:37:40Z,2024-12-09T21:38:03Z,B0D5JLH3RJ,www.amazon.com,www.amazon.com,Kindle E-reader,G093KM05425503M5,4289760037,E-Book,22600,1
2024-12-08T08:07:25Z,2024-12-08T08:25:23Z,B0D6RMSDSY,www.amazon.com,www.amazon.com,Kindle E-reader,G093KM05425503M5,4289760037,E-Book,1077700,29
2025-03-23T16:10:42Z,2025-03-23T16:10:47Z,B08TWV5BMD,www.amazon.com,www.amazon.com,Kindle for Mac,7B1077C69580528C8BC54A7DDC9FF141,1191415184,E-Book,5500,1
2025-03-23T16:58:57Z,2025-03-23T16:59:03Z,B08TWV5BMD,www.amazon.com,www.amazon.com,Kindle for Mac,7B1077C69580528C8BC54A7DDC9FF141,1191415184,E-Book,6500,1
2025-02-20T06:33:21Z,2025-02-20T06:34:40Z,B0BMF2M8Z6,www.amazon.com,www.amazon.com,Kindle E-reader,G093KM05425503M5,4351960007,E-Book,79500,2
2025-03-23T17:06:37Z,2025-03-23T17:06:40Z,B08TWV5BMD,www.amazon.com,www.amazon.com,Kindle for Mac,7B1077C69580528C8BC54A7DDC9FF141,1191415184,E-Book,3000,1
2025-01-30T15:39:14Z,2025-01-30T15:39:47Z,B08TWV5BMD,www.amazon.com,www.amazon.com,Kindle for Mac,7B1077C69580528C8BC54A7DDC9FF141,1191414794,E-Book,33000,5
2024-11-29T16:06:21Z,2024-11-29T16:06:33Z,B0D6RMSDSY,www.amazon.com,www.amazon.com,Kindle E-reader,G093KM05425503M5,4289760037,E-Book,12000,7
Not Available,2025-05-05T19:18:12Z,605CB454B77F4D3B94AA0CABC0C1C315,,www.amazon.com,Kindle E-reader,G093KM05425503M5,,Personal Document,,
2025-05-06T13:14:10Z,2025-05-06T13:14:14Z,73A796BDD6EF4375A531DBB4A9113875,,www.amazon.com,Kindle E-reader,G093KM05425503M5,4417570025,Personal Document,4600,1
2024-11-28T02:16:22Z,2024-11-28T02:16:23Z,B0D6RMSDSY,www.amazon.com,www.amazon.com,,0B671A09510D489380FB769AAF4CF99C,1191414672,E-Book,1700,1
2025-02-03T11:14:44Z,2025-02-03T11:15:41Z,B08TWV5BMD,www.amazon.com,www.amazon.com,Kindle for Mac,7B1077C69580528C8BC54A7DDC9FF141,1191414794,E-Book,56500,1
2025-01-30T16:38:38Z,2025-01-30T16:39:17Z,B08TWV5BMD,www.amazon.com,www.amazon.com,Kindle for Mac,7B1077C69580528C8BC54A7DDC9FF141,1191414794,E-Book,39400,12
2024-12-03T10:51:52Z,2024-12-03T11:01:55Z,B0D6RMSDSY,www.amazon.com,www.amazon.com,Kindle E-reader,G093KM05425503M5,4289760037,E-Book,602200,1
2025-03-23T15:45:45Z,2025-03-23T15:46:04Z,B08TWV5BMD,www.amazon.com,www.amazon.com,Kindle for Mac,7B1077C69580528C8BC54A7DDC9FF141,1191415184,E-Book,19000,1
2024-12-07T12:47:59Z,2024-12-07T12:48:03Z,,,www.amazon.com,Kindle E-reader,G093KM05425503M5,4289760037,SIDE,3900,1
2025-02-16T21:29:32Z,2025-02-16T21:29:58Z,B07FS25XTW,,www.amazon.com,Kindle E-reader,G093KM05425503M5,4351960007,E-Book Sample,25500,1
2025-02-17T22:23:35Z,2025-02-17T22:32:41Z,B08TWV5BMD,www.amazon.com,www.amazon.com,Kindle E-reader,G093KM05425503M5,4351960007,E-Book,546400,12
2025-01-14T11:28:20Z,2025-01-14T11:42:38Z,B08TWV5BMD,www.amazon.com,www.amazon.com,Kindle E-reader,G093KM05425503M5,4289760037,E-Book,857400,7
Not Available,2025-03-23T19:28:57Z,D99D878063A446FB907733B911E2C257,,www.amazon.com,Kindle E-reader,G093KM05425503M5,,Personal Document,,
2025-02-08T08:32:44Z,2025-02-08T08:33:08Z,B07FS25XTW,,www.amazon.com,Kindle E-reader,G093KM05425503M5,4351960007,E-Book Sample,24600,1
2025-01-30T20:32:27Z,2025-01-30T20:32:32Z,B08TWV5BMD,www.amazon.com,www.amazon.com,Kindle for Mac,7B1077C69580528C8BC54A7DDC9FF141,1191414794,E-Book,5400,1
2025-02-18T16:24:34Z,2025-02-18T16:34:34Z,B08TWV5BMD,www.amazon.com,www.amazon.com,Kindle E-reader,G093KM05425503M5,4351960007,E-Book,599700,1
2025-03-20T21:36:40Z,2025-03-20T21:39:12Z,226B133AC0FC463185E57561BF84791C,,www.amazon.com,Kindle E-reader,G093KM05425503M5,4351960007,Personal Document,151500,35
2025-02-01T23:27:00Z,2025-02-01T23:27:22Z,B08TWV5BMD,www.amazon.com,www.amazon.com,Kindle for Mac,7B1077C69580528C8BC54A7DDC9FF141,1191414794,E-Book,21700,1
2025-02-01T15:50:37Z,2025-02-01T17:37:00Z,B08TWV5BMD,www.amazon.com,www.amazon.com,Kindle for Mac,7B1077C69580528C8BC54A7DDC9FF141,1191414794,E-Book,6382200,1
2025-03-23T16:49:41Z,2025-03-23T16:49:48Z,B08TWV5BMD,www.amazon.com,www.amazon.com,Kindle for Mac,7B1077C69580528C8BC54A7DDC9FF141,1191415184,E-Book,6900,1
2025-03-23T12:07:37Z,2025-03-23T12:08:10Z,B08TWV5BMD,www.amazon.com,www.amazon.com,Kindle for Mac,7B1077C69580528C8BC54A7DDC9FF141,1191415184,E-Book,33300,2
2025-05-06T14:11:21Z,2025-05-06T14:24:54Z,B0C5879F526A41B087D19B2C20C6E531,,www.amazon.com,Kindle E-reader,G093KM05425503M5,4417570025,Personal Document,812900,28
2025-02-26T08:22:27Z,2025-02-26T08:34:28Z,B09R8WZXJ8,www.amazon.com,www.amazon.com,Kindle E-reader,G093KM05425503M5,4351960007,E-Book,721100,15
2025-03-23T11:50:02Z,2025-03-23T11:51:26Z,B08TWV5BMD,www.amazon.com,www.amazon.com,Kindle for Mac,7B1077C69580528C8BC54A7DDC9FF141,1191415184,E-Book,83600,1
Not Available,2025-03-19T01:04:49Z,226B133AC0FC463185E57561BF84791C,,www.amazon.com,Kindle E-reader,G093KM05425503M5,,Personal Document,,
2025-02-06T20:16:25Z,2025-02-06T20:16:35Z,B09HZ2JM6G,,www.amazon.com,Kindle E-reader,G093KM05425503M5,4351960007,E-Book Sample,9700,1
2025-03-23T12:31:02Z,2025-03-23T12:32:01Z,B08TWV5BMD,www.amazon.com,www.amazon.com,Kindle for Mac,7B1077C69580528C8BC54A7DDC9FF141,1191415184,E-Book,59000,33
2025-03-06T09:04:03Z,2025-03-06T09:10:04Z,B08GJVLGGX,,www.amazon.com,Kindle E-reader,G093KM05425503M5,4351960007,E-Book Sample,360700,7
2025-02-07T11:43:48Z,2025-02-07T11:46:37Z,B0BMF2M8Z6,www.amazon.com,www.amazon.com,Kindle E-reader,G093KM05425503M5,4351960007,E-Book,168400,4
2025-05-06T12:08:42Z,2025-05-06T12:08:46Z,B0C5879F526A41B087D19B2C20C6E531,,www.amazon.com,Kindle E-reader,G093KM05425503M5,4417570025,Personal Document,3600,1
2025-01-30T16:57:11Z,2025-01-30T16:57:33Z,B08TWV5BMD,www.amazon.com,www.amazon.com,Kindle for Mac,7B1077C69580528C8BC54A7DDC9FF141,1191414794,E-Book,22100,4
2025-03-16T15:36:28Z,2025-03-16T15:36:37Z,B08TWV5BMD,www.amazon.com,www.amazon.com,Kindle E-reader,G093KM05425503M5,4351960007,E-Book,9000,1
2025-03-09T21:38:15Z,2025-03-09T21:38:19Z,B08TWV5BMD,www.amazon.com,www.amazon.com,Kindle E-reader,G093KM05425503M5,4351960007,E-Book,3900,1
2025-02-27T11:04:01Z,2025-02-27T11:04:21Z,B08TWV5BMD,www.amazon.com,www.amazon.com,Kindle E-reader,G093KM05425503M5,4351960007,E-Book,20200,1
2024-12-05T18:48:03Z,2024-12-05T18:48:56Z,B0D6RMSDSY,www.amazon.com,www.amazon.com,Kindle E-reader,G093KM05425503M5,4289760037,E-Book,52300,3
2025-02-20T22:30:07Z,2025-02-20T22:44:49Z,B08TWV5BMD,www.amazon.com,www.amazon.com,Kindle E-reader,G093KM05425503M5,4351960007,E-Book,881500,6
2025-01-30T20:04:54Z,2025-01-30T20:04:55Z,B08TWV5BMD,www.amazon.com,www.amazon.com,Kindle for Mac,7B1077C69580528C8BC54A7DDC9FF141,1191414794,E-Book,1500,2
2025-02-21T12:47:24Z,2025-02-21T12:47:44Z,B08TWV5BMD,www.amazon.com,www.amazon.com,Kindle E-reader,G093KM05425503M5,4351960007,E-Book,19800,1
2025-01-30T15:49:53Z,2025-01-30T15:50:19Z,B08TWV5BMD,www.amazon.com,www.amazon.com,Kindle for Mac,7B1077C69580528C8BC54A7DDC9FF141,1191414794,E-Book,25800,2
2025-02-25T07:46:56Z,2025-02-25T07:47:15Z,B08TWV5BMD,www.amazon.com,www.amazon.com,Kindle E-reader,G093KM05425503M5,4351960007,E-Book,19400,1
2025-03-06T11:05:37Z,2025-03-06T11:05:43Z,B08TWV5BMD,www.amazon.com,www.amazon.com,Kindle E-reader,G093KM05425503M5,4351960007,E-Book,5400,1
2025-02-19T04:02:36Z,2025-02-19T04:12:55Z,B0BD5V6FM2,www.amazon.com,www.amazon.com,Kindle E-reader,G093KM05425503M5,4351960007,E-Book,619100,53
2025-03-22T17:25:09Z,2025-03-22T17:26:31Z,B08TWV5BMD,www.amazon.com,www.amazon.com,Kindle E-reader,G093KM05425503M5,4351960007,E-Book,82300,3
2025-03-23T15:14:06Z,2025-03-23T15:20:09Z,B08TWV5BMD,www.amazon.com,www.amazon.com,Kindle for Mac,7B1077C69580528C8BC54A7DDC9FF141,1191415184,E-Book,362900,3
2025-02-04T15:53:06Z,2025-02-04T16:24:41Z,B08TWV5BMD,www.amazon.com,www.amazon.com,Kindle for Mac,7B1077C69580528C8BC54A7DDC9FF141,1191414794,E-Book,1895700,1
2024-12-12T12:00:12Z,2024-12-12T12:00:15Z,B00MUFP1QG,www.amazon.com,www.amazon.com,Kindle E-reader,G093KM05425503M5,4289760037,E-Book,2200,1
2025-01-13T11:48:52Z,2025-01-13T11:49:47Z,B08TWV5BMD,www.amazon.com,www.amazon.com,Kindle E-reader,G093KM05425503M5,4289760037,E-Book,54500,1
2025-01-30T15:45:25Z,2025-01-30T15:45:45Z,B08TWV5BMD,www.amazon.com,www.amazon.com,Kindle for Mac,7B1077C69580528C8BC54A7DDC9FF141,1191414794,E-Book,20100,2
2025-01-15T09:00:47Z,2025-01-15T09:07:05Z,B08TWV5BMD,www.amazon.com,www.amazon.com,Kindle E-reader,G093KM05425503M5,4289760037,E-Book,377900,1
2024-12-11T14:32:46Z,2024-12-11T14:32:58Z,B00MUFP1QG,www.amazon.com,www.amazon.com,Kindle E-reader,G093KM05425503M5,4289760037,E-Book,11900,3
2024-12-22T17:18:09Z,2024-12-22T17:35:59Z,B0BMF2M8Z6,www.amazon.com,www.amazon.com,Kindle E-reader,G093KM05425503M5,4289760037,E-Book,1069400,24
2025-01-30T16:39:35Z,2025-01-30T16:39:46Z,B08TWV5BMD,www.amazon.com,www.amazon.com,Kindle for Mac,7B1077C69580528C8BC54A7DDC9FF141,1191414794,E-Book,11800,2
2025-03-23T19:28:32Z,2025-03-23T19:28:57Z,D99D878063A446FB907733B911E2C257,,www.amazon.com,Kindle E-reader,G093KM05425503M5,4351960007,Personal Document,25100,13
2025-01-21T08:43:14Z,2025-01-21T08:48:55Z,B08TWV5BMD,www.amazon.com,www.amazon.com,Kindle for Mac,7B1077C69580528C8BC54A7DDC9FF141,1191414794,E-Book,341100,2
2025-05-06T15:06:31Z,2025-05-06T15:07:11Z,CBDF7364B33944479B6871B680697E65,,www.amazon.com,Kindle E-reader,G093KM05425503M5,4417570025,Personal Document,40600,32
2025-03-19T17:05:46Z,2025-03-19T17:13:38Z,B08TWV5BMD,www.amazon.com,www.amazon.com,Kindle E-reader,G093KM05425503M5,4351960007,E-Book,472200,94
2025-02-16T23:58:27Z,2025-02-16T23:58:36Z,B08TWV5BMD,www.amazon.com,www.amazon.com,Kindle E-reader,G093KM05425503M5,4351960007,E-Book,8100,1
2025-03-23T16:37:33Z,2025-03-23T16:41:04Z,B08TWV5BMD,www.amazon.com,www.amazon.com,Kindle for Mac,7B1077C69580528C8BC54A7DDC9FF141,1191415184,E-Book,210400,4
2025-02-08T08:18:11Z,2025-02-08T08:18:19Z,B0BMF2M8Z6,www.amazon.com,www.amazon.com,Kindle E-reader,G093KM05425503M5,4351960007,E-Book,7700,1
2025-02-20T22:16:33Z,2025-02-20T22:16:39Z,B08TWV5BMD,www.amazon.com,www.amazon.com,Kindle E-reader,G093KM05425503M5,4351960007,E-Book,5700,1
2024-12-07T01:04:09Z,2024-12-07T01:04:18Z,B0D6RMSDSY,www.amazon.com,www.amazon.com,Kindle E-reader,G093KM05425503M5,4289760037,E-Book,8400,3
2025-02-02T13:26:28Z,2025-02-02T13:30:24Z,B08TWV5BMD,www.amazon.com,www.amazon.com,Kindle for Mac,7B1077C69580528C8BC54A7DDC9FF141,1191414794,E-Book,236300,1
2025-01-30T15:29:11Z,2025-01-30T15:29:27Z,B08TWV5BMD,www.amazon.com,www.amazon.com,Kindle for Mac,7B1077C69580528C8BC54A7DDC9FF141,1191414794,E-Book,15300,1
2025-01-30T16:47:37Z,2025-01-30T16:48:03Z,B08TWV5BMD,www.amazon.com,www.amazon.com,Kindle for Mac,7B1077C69580528C8BC54A7DDC9FF141,1191414794,E-Book,26100,3
2025-01-24T05:16:41Z,2025-01-24T05:26:41Z,B0BMF2M8Z6,www.amazon.com,www.amazon.com,Kindle E-reader,G093KM05425503M5,4351960007,E-Book,599800,1
2025-01-17T03:54:26Z,2025-01-17T03:54:48Z,B08TWV5BMD,www.amazon.com,www.amazon.com,Kindle for Mac,7B1077C69580528C8BC54A7DDC9FF141,1191414794,E-Book,22500,2
2025-06-03T05:58:50Z,2025-06-03T06:05:57Z,EA9A179BAD4D4466B1E597489FFC099C,,www.amazon.com,,0B671A09510D489380FB769AAF4CF99C,1191415946,Personal Document,426600,2
2025-01-30T16:45:56Z,2025-01-30T16:46:00Z,B08TWV5BMD,www.amazon.com,www.amazon.com,Kindle for Mac,7B1077C69580528C8BC54A7DDC9FF141,1191414794,E-Book,3500,1
2025-02-07T17:49:55Z,2025-02-07T17:50:21Z,B08TWV5BMD,www.amazon.com,www.amazon.com,Kindle E-reader,G093KM05425503M5,4351960007,E-Book,26100,8
2024-12-09T09:01:46Z,2024-12-09T09:09:34Z,B0CYBXTKJJ,,www.amazon.com,Kindle E-reader,G093KM05425503M5,4289760037,E-Book Sample,467400,1
2025-01-30T19:08:15Z,2025-01-30T19:23:17Z,B08TWV5BMD,www.amazon.com,www.amazon.com,Kindle for Mac,7B1077C69580528C8BC54A7DDC9FF141,1191414794,E-Book,902300,1
2025-02-06T08:51:09Z,2025-02-06T09:09:15Z,B0BMF2M8Z6,www.amazon.com,www.amazon.com,Kindle E-reader,G093KM05425503M5,4351960007,E-Book,1086500,29
2025-01-30T15:32:41Z,2025-01-30T15:32:51Z,B08TWV5BMD,www.amazon.com,www.amazon.com,Kindle for Mac,7B1077C69580528C8BC54A7DDC9FF141,1191414794,E-Book,9700,1
2025-02-19T04:25:29Z,2025-02-19T04:45:43Z,B08GJVLGGX,,www.amazon.com,Kindle E-reader,G093KM05425503M5,4351960007,E-Book Sample,1213400,31
2025-02-16T14:45:26Z,2025-02-16T14:46:26Z,B07FS25XTW,,www.amazon.com,Kindle E-reader,G093KM05425503M5,4351960007,E-Book Sample,60400,10
2025-02-16T12:56:29Z,2025-02-16T12:56:32Z,B07FS25XTW,,www.amazon.com,,0B671A09510D489380FB769AAF4CF99C,1191414928,E-Book Sample,2600,1
2025-03-19T17:13:59Z,2025-03-19T17:22:46Z,B08TWV5BMD,www.amazon.com,www.amazon.com,Kindle E-reader,G093KM05425503M5,4351960007,E-Book,526900,9
2025-02-16T21:29:59Z,2025-02-16T21:30:03Z,B07FS25XTW,,www.amazon.com,Kindle E-reader,G093KM05425503M5,4351960007,E-Book Sample,3100,1
2025-03-22T17:26:33Z,2025-03-22T17:37:09Z,B08TWV5BMD,www.amazon.com,www.amazon.com,Kindle E-reader,G093KM05425503M5,4351960007,E-Book,636500,5
2024-12-03T10:10:13Z,2024-12-03T10:14:54Z,B0D6RMSDSY,www.amazon.com,www.amazon.com,Kindle E-reader,G093KM05425503M5,4289760037,E-Book,280700,5
2025-01-08T00:54:26Z,2025-01-08T01:04:26Z,B0BMF2M8Z6,www.amazon.com,www.amazon.com,Kindle E-reader,G093KM05425503M5,4289760037,E-Book,599800,1
2025-01-30T15:28:19Z,2025-01-30T15:28:24Z,B08TWV5BMD,www.amazon.com,www.amazon.com,Kindle for Mac,7B1077C69580528C8BC54A7DDC9FF141,1191414794,E-Book,4300,1
2025-01-21T08:54:30Z,2025-01-21T08:55:30Z,B08TWV5BMD,www.amazon.com,www.amazon.com,Kindle for Mac,7B1077C69580528C8BC54A7DDC9FF141,1191414794,E-Book,60000,1
2025-02-20T22:28:58Z,2025-02-20T22:29:15Z,B0B138BPQQ,www.amazon.com,www.amazon.com,Kindle E-reader,G093KM05425503M5,4351960007,E-Book,17400,6
2025-02-16T15:55:56Z,2025-02-16T15:56:02Z,B07FS25XTW,,www.amazon.com,Kindle E-reader,G093KM05425503M5,4351960007,E-Book Sample,5800,1
2024-12-09T10:56:56Z,2024-12-09T10:57:02Z,B0D5JLH3RJ,www.amazon.com,www.amazon.com,Kindle E-reader,G093KM05425503M5,4289760037,E-Book,6100,1
2025-04-24T23:48:12Z,2025-04-24T23:48:16Z,226B133AC0FC463185E57561BF84791C,,www.amazon.com,Kindle E-reader,G093KM05425503M5,4417570025,Personal Document,3500,1
2025-01-30T15:57:28Z,2025-01-30T15:57:48Z,B08TWV5BMD,www.amazon.com,www.amazon.com,Kindle for Mac,7B1077C69580528C8BC54A7DDC9FF141,1191414794,E-Book,19900,1
Not Available,2025-03-25T00:43:21Z,226B133AC0FC463185E57561BF84791C,,www.amazon.com,Kindle E-reader,G093KM05425503M5,,Personal Document,,
2025-03-23T15:13:55Z,2025-03-23T15:13:58Z,B08TWV5BMD,www.amazon.com,www.amazon.com,Kindle for Mac,7B1077C69580528C8BC54A7DDC9FF141,1191415184,E-Book,3500,1
2025-02-04T10:14:07Z,2025-02-04T10:21:33Z,B08TWV5BMD,www.amazon.com,www.amazon.com,Kindle for Mac,7B1077C69580528C8BC54A7DDC9FF141,1191414794,E-Book,446500,1
2024-11-29T16:07:51Z,2024-11-29T16:07:54Z,B0D6RMSDSY,www.amazon.com,www.amazon.com,Kindle E-reader,G093KM05425503M5,4289760037,E-Book,2500,1
2025-03-22T17:24:59Z,2025-03-22T17:25:06Z,226B133AC0FC463185E57561BF84791C,,www.amazon.com,Kindle E-reader,G093KM05425503M5,4351960007,Personal Document,6400,1
2025-01-14T08:31:53Z,2025-01-14T08:42:03Z,B08TWV5BMD,www.amazon.com,www.amazon.com,Kindle E-reader,G093KM05425503M5,4289760037,E-Book,610200,1
2025-02-01T19:56:27Z,2025-02-01T20:03:29Z,B08TWV5BMD,www.amazon.com,www.amazon.com,Kindle for Mac,7B1077C69580528C8BC54A7DDC9FF141,1191414794,E-Book,421700,1
2025-02-28T11:01:23Z,2025-02-28T11:01:39Z,B08GJVLGGX,,www.amazon.com,Kindle E-reader,G093KM05425503M5,4351960007,E-Book Sample,15800,1
2024-12-07T12:49:55Z,2024-12-07T12:50:00Z,D9A72D3425174F1287CC791716BC074F,,www.amazon.com,,D1EB7E8F4C3A4611BAC1C351F64AC226,1191414672,Personal Document,5000,1
2025-01-30T20:34:57Z,2025-01-31T01:15:04Z,B08TWV5BMD,www.amazon.com,www.amazon.com,Kindle for Mac,7B1077C69580528C8BC54A7DDC9FF141,1191414794,E-Book,16806800,1
2025-01-11T11:50:22Z,2025-01-11T12:20:36Z,B0BMF2M8Z6,www.amazon.com,www.amazon.com,Kindle E-reader,G093KM05425503M5,4289760037,E-Book,1813800,64
2025-05-06T20:30:41Z,2025-05-06T20:30:43Z,73A796BDD6EF4375A531DBB4A9113875,,www.amazon.com,Kindle E-reader,G093KM05425503M5,4417570025,Personal Document,2800,1
2025-03-14T01:54:40Z,2025-03-14T02:10:51Z,B08TWV5BMD,www.amazon.com,www.amazon.com,Kindle E-reader,G093KM05425503M5,4351960007,E-Book,970900,17
2025-02-20T06:32:37Z,2025-02-20T06:32:42Z,B08GJVLGGX,,www.amazon.com,Kindle E-reader,G093KM05425503M5,4351960007,E-Book Sample,4900,1
2024-12-08T16:06:59Z,2024-12-08T16:07:08Z,B0D6RMSDSY,www.amazon.com,www.amazon.com,Kindle E-reader,G093KM05425503M5,4289760037,E-Book,9100,2
2025-04-25T06:04:22Z,2025-04-25T06:08:46Z,226B133AC0FC463185E57561BF84791C,,www.amazon.com,Kindle E-reader,G093KM05425503M5,4417570025,Personal Document,264200,9
2025-01-15T08:15:06Z,2025-01-15T08:15:19Z,B08TWV5BMD,www.amazon.com,www.amazon.com,Kindle E-reader,G093KM05425503M5,4289760037,E-Book,12400,2
2025-03-19T14:48:34Z,2025-03-19T14:48:48Z,B08TWV5BMD,www.amazon.com,www.amazon.com,Kindle for Mac,7B1077C69580528C8BC54A7DDC9FF141,1191415184,E-Book,13800,1
2025-01-17T03:16:16Z,2025-01-17T03:16:25Z,B0D6RMSDSY,www.amazon.com,www.amazon.com,Kindle E-reader,G093KM05425503M5,4351960007,E-Book,9100,1
2025-01-13T08:10:02Z,2025-01-13T08:10:58Z,B08TWV5BMD,,www.amazon.com,Kindle E-reader,G093KM05425503M5,4289760037,E-Book Sample,56000,2
Not Available,2024-12-12T13:13:51Z,B00MUFP1QG,www.amazon.com,www.amazon.com,Kindle E-reader,G093KM05425503M5,,E-Book,,
2025-01-21T08:43:05Z,2025-01-21T08:43:13Z,B08TWV5BMD,www.amazon.com,www.amazon.com,Kindle for Mac,7B1077C69580528C8BC54A7DDC9FF141,1191414794,E-Book,7300,1
2025-03-18T04:35:28Z,2025-03-18T04:38:03Z,B000FC246G,,www.amazon.com,Kindle E-reader,G093KM05425503M5,4351960007,E-Book Sample,155400,64
2024-12-13T16:12:17Z,2024-12-13T16:12:21Z,B0BMF2M8Z6,www.amazon.com,www.amazon.com,Kindle E-reader,G093KM05425503M5,4289760037,E-Book,4500,1
2025-03-18T02:51:11Z,2025-03-18T02:57:26Z,B000FC246G,,www.amazon.com,Kindle E-reader,G093KM05425503M5,4351960007,E-Book Sample,374900,20
2025-02-28T11:01:41Z,2025-02-28T11:02:18Z,B08TWV5BMD,www.amazon.com,www.amazon.com,Kindle E-reader,G093KM05425503M5,4351960007,E-Book,37100,1
2024-12-11T14:24:38Z,2024-12-11T14:24:44Z,B0D5JLH3RJ,www.amazon.com,www.amazon.com,Kindle E-reader,G093KM05425503M5,4289760037,E-Book,6300,1
2025-02-16T11:21:05Z,2025-02-16T11:21:14Z,B07FS25XTW,,www.amazon.com,,0B671A09510D489380FB769AAF4CF99C,1191414928,E-Book Sample,9600,1
2025-01-30T15:40:16Z,2025-01-30T15:40:56Z,B08TWV5BMD,www.amazon.com,www.amazon.com,Kindle for Mac,7B1077C69580528C8BC54A7DDC9FF141,1191414794,E-Book,39500,1
2025-03-23T12:54:22Z,2025-03-23T12:54:36Z,B08TWV5BMD,www.amazon.com,www.amazon.com,Kindle for Mac,7B1077C69580528C8BC54A7DDC9FF141,1191415184,E-Book,13400,1
2025-01-13T11:51:54Z,2025-01-13T12:03:38Z,B08TWV5BMD,www.amazon.com,www.amazon.com,Kindle E-reader,G093KM05425503M5,4289760037,E-Book,703500,2
2025-03-23T16:49:39Z,2025-03-23T16:49:40Z,B08TWV5BMD,www.amazon.com,www.amazon.com,Kindle for Mac,7B1077C69580528C8BC54A7DDC9FF141,1191415184,E-Book,1400,1
2025-02-20T08:11:34Z,2025-02-20T08:14:11Z,B0B138BPQQ,www.amazon.com,www.amazon.com,Kindle E-reader,G093KM05425503M5,4351960007,E-Book,157100,3
2025-01-16T10:57:41Z,2025-01-16T10:57:51Z,B08TWV5BMD,www.amazon.com,www.amazon.com,Kindle E-reader,G093KM05425503M5,4351960007,E-Book,10400,1
2025-05-05T19:16:58Z,2025-05-05T19:18:12Z,605CB454B77F4D3B94AA0CABC0C1C315,,www.amazon.com,Kindle E-reader,G093KM05425503M5,4417570025,Personal Document,74200,52
2025-01-13T11:50:27Z,2025-01-13T11:50:40Z,B08TWV5BMD,www.amazon.com,www.amazon.com,Kindle E-reader,G093KM05425503M5,4289760037,E-Book,13600,1
2025-02-01T22:36:56Z,2025-02-01T23:26:39Z,B08TWV5BMD,www.amazon.com,www.amazon.com,Kindle for Mac,7B1077C69580528C8BC54A7DDC9FF141,1191414794,E-Book,2983300,1
2025-02-02T13:33:22Z,2025-02-02T13:41:38Z,B08TWV5BMD,www.amazon.com,www.amazon.com,Kindle for Mac,7B1077C69580528C8BC54A7DDC9FF141,1191414794,E-Book,496300,1
2025-02-16T12:56:40Z,2025-02-16T12:56:43Z,B07FS25XTW,,www.amazon.com,,0B671A09510D489380FB769AAF4CF99C,1191414928,E-Book Sample,2700,1
2025-02-16T14:33:57Z,2025-02-16T14:34:05Z,B07FS25XTW,,www.amazon.com,Kindle E-reader,G093KM05425503M5,4351960007,E-Book Sample,8400,5
2025-03-24T05:33:51Z,2025-03-24T05:47:31Z,D99D878063A446FB907733B911E2C257,,www.amazon.com,Kindle E-reader,G093KM05425503M5,4351960007,Personal Document,820600,47
2025-02-18T05:53:14Z,2025-02-18T05:54:43Z,B08TWV5BMD,www.amazon.com,www.amazon.com,Kindle E-reader,G093KM05425503M5,4351960007,E-Book,88900,1
2025-02-20T06:36:40Z,2025-02-20T07:25:10Z,B0B138BPQQ,www.amazon.com,www.amazon.com,Kindle E-reader,G093KM05425503M5,4351960007,E-Book,2909400,22
2025-05-05T23:04:02Z,2025-05-05T23:04:10Z,B0C5879F526A41B087D19B2C20C6E531,,www.amazon.com,Kindle E-reader,G093KM05425503M5,4417570025,Personal Document,7600,4
2025-02-01T03:40:02Z,2025-02-01T03:40:13Z,B08TWV5BMD,www.amazon.com,www.amazon.com,Kindle for Mac,7B1077C69580528C8BC54A7DDC9FF141,1191414794,E-Book,11200,1
2025-04-21T23:16:42Z,2025-04-21T23:17:51Z,B0DKCFG4J9,,www.amazon.com,,0B671A09510D489380FB769AAF4CF99C,1191415648,E-Book Sample,69400,11
2025-03-23T12:15:02Z,2025-03-23T12:20:15Z,B08TWV5BMD,www.amazon.com,www.amazon.com,Kindle for Mac,7B1077C69580528C8BC54A7DDC9FF141,1191415184,E-Book,313400,5
2025-03-17T23:57:48Z,2025-03-17T23:58:01Z,B08TWV5BMD,www.amazon.com,www.amazon.com,Kindle E-reader,G093KM05425503M5,4351960007,E-Book,13400,1
2025-04-21T23:14:39Z,2025-04-21T23:15:38Z,B0DJHSDHDH,,www.amazon.com,,0B671A09510D489380FB769AAF4CF99C,1191415648,E-Book Sample,59200,4
2025-05-05T23:04:12Z,2025-05-05T23:04:15Z,605CB454B77F4D3B94AA0CABC0C1C315,,www.amazon.com,Kindle E-reader,G093KM05425503M5,4417570025,Personal Document,3000,1
2024-11-27T19:40:16Z,2024-11-27T19:42:50Z,B0D6RMSDSY,www.amazon.com,www.amazon.com,Kindle E-reader,G093KM05425503M5,4289760037,E-Book,154100,25
2025-02-17T22:32:45Z,2025-02-17T22:59:50Z,B08TWV5BMD,www.amazon.com,www.amazon.com,Kindle E-reader,G093KM05425503M5,4351960007,E-Book,1624900,35
2025-03-18T04:44:31Z,2025-03-18T04:44:42Z,B08M968WT1,,www.amazon.com,Kindle E-reader,G093KM05425503M5,4351960007,E-Book Sample,10500,1
2025-01-30T16:52:59Z,2025-01-30T16:52:59Z,B08TWV5BMD,www.amazon.com,www.amazon.com,Kindle for Mac,7B1077C69580528C8BC54A7DDC9FF141,1191414794,E-Book,900,1
2025-01-30T15:31:01Z,2025-01-30T15:32:06Z,B08TWV5BMD,www.amazon.com,www.amazon.com,Kindle for Mac,7B1077C69580528C8BC54A7DDC9FF141,1191414794,E-Book,64200,1
2024-12-08T16:07:09Z,2024-12-08T16:07:19Z,B0D6RMSDSY,www.amazon.com,www.amazon.com,Kindle E-reader,G093KM05425503M5,4289760037,E-Book,10100,3
2025-03-23T16:49:12Z,2025-03-23T16:49:36Z,B08TWV5BMD,www.amazon.com,www.amazon.com,Kindle for Mac,7B1077C69580528C8BC54A7DDC9FF141,1191415184,E-Book,24000,1
2025-03-23T15:25:51Z,2025-03-23T15:25:58Z,B08TWV5BMD,www.amazon.com,www.amazon.com,Kindle for Mac,7B1077C69580528C8BC54A7DDC9FF141,1191415184,E-Book,7000,1
2025-02-17T19:21:54Z,2025-02-17T19:21:59Z,B0D5JLH3RJ,www.amazon.com,www.amazon.com,Kindle E-reader,G093KM05425503M5,4351960007,E-Book,5000,1
2024-12-12T06:57:48Z,2024-12-12T07:25:03Z,B00MUFP1QG,www.amazon.com,www.amazon.com,Kindle E-reader,G093KM05425503M5,4289760037,E-Book,1634400,20
2025-05-06T20:42:33Z,2025-05-06T21:04:51Z,73A796BDD6EF4375A531DBB4A9113875,,www.amazon.com,Kindle E-reader,G093KM05425503M5,4417570025,Personal Document,1338000,40
2025-02-01T08:45:25Z,2025-02-01T12:09:18Z,B08TWV5BMD,www.amazon.com,www.amazon.com,Kindle for Mac,7B1077C69580528C8BC54A7DDC9FF141,1191414794,E-Book,12232900,1
2025-03-23T16:51:48Z,2025-03-23T16:52:13Z,B08TWV5BMD,www.amazon.com,www.amazon.com,Kindle for Mac,7B1077C69580528C8BC54A7DDC9FF141,1191415184,E-Book,25300,1
2025-02-01T21:56:49Z,2025-02-01T22:34:50Z,B08TWV5BMD,www.amazon.com,www.amazon.com,Kindle for Mac,7B1077C69580528C8BC54A7DDC9FF141,1191414794,E-Book,2281100,1
2025-03-23T17:09:12Z,2025-03-23T17:09:28Z,B08TWV5BMD,www.amazon.com,www.amazon.com,Kindle for Mac,7B1077C69580528C8BC54A7DDC9FF141,1191415184,E-Book,15700,1
2025-03-18T22:27:33Z,2025-03-18T22:28:15Z,226B133AC0FC463185E57561BF84791C,,www.amazon.com,Kindle E-reader,G093KM05425503M5,4351960007,Personal Document,41800,17
2025-05-06T12:49:57Z,2025-05-06T12:50:06Z,226B133AC0FC463185E57561BF84791C,,www.amazon.com,Kindle E-reader,G093KM05425503M5,4417570025,Personal Document,8300,4
2025-03-24T04:55:16Z,2025-03-24T05:08:03Z,D99D878063A446FB907733B911E2C257,,www.amazon.com,Kindle E-reader,G093KM05425503M5,4351960007,Personal Document,766500,11
2025-03-23T18:35:20Z,2025-03-23T19:03:49Z,E58F7517A2134C69ADDDC97B3B080D25,,www.amazon.com,Kindle E-reader,G093KM05425503M5,4351960007,Personal Document,1708900,29
2025-03-23T12:30:37Z,2025-03-23T12:30:48Z,B08TWV5BMD,www.amazon.com,www.amazon.com,Kindle for Mac,7B1077C69580528C8BC54A7DDC9FF141,1191415184,E-Book,10100,5
2025-02-20T16:48:06Z,2025-02-20T16:48:15Z,B0B138BPQQ,www.amazon.com,www.amazon.com,,0B671A09510D489380FB769AAF4CF99C,1191414928,E-Book,8600,2
2024-11-29T16:06:35Z,2024-11-29T16:06:40Z,B0D6RMSDSY,www.amazon.com,www.amazon.com,Kindle E-reader,G093KM05425503M5,4289760037,E-Book,5300,3
2025-03-23T14:43:08Z,2025-03-23T14:54:03Z,B08TWV5BMD,www.amazon.com,www.amazon.com,Kindle for Mac,7B1077C69580528C8BC54A7DDC9FF141,1191415184,E-Book,654800,6
2025-01-17T03:14:18Z,2025-01-17T03:14:47Z,B0D6RMSDSY,www.amazon.com,www.amazon.com,Kindle E-reader,G093KM05425503M5,4351960007,E-Book,29000,1
2025-02-25T15:23:22Z,2025-02-25T15:24:09Z,B08TWV5BMD,www.amazon.com,www.amazon.com,,0B671A09510D489380FB769AAF4CF99C,1191415306,E-Book,47300,19
2025-01-21T08:41:12Z,2025-01-21T08:41:17Z,B08TWV5BMD,www.amazon.com,www.amazon.com,Kindle for Mac,7B1077C69580528C8BC54A7DDC9FF141,1191414794,E-Book,5400,1
2025-01-30T15:49:12Z,2025-01-30T15:49:15Z,B08TWV5BMD,www.amazon.com,www.amazon.com,Kindle for Mac,7B1077C69580528C8BC54A7DDC9FF141,1191414794,E-Book,2500,1
2025-02-03T02:42:54Z,2025-02-03T02:42:59Z,B08TWV5BMD,www.amazon.com,www.amazon.com,Kindle for Mac,7B1077C69580528C8BC54A7DDC9FF141,1191414794,E-Book,4800,1
2025-01-30T16:59:19Z,2025-01-30T17:00:10Z,B08TWV5BMD,www.amazon.com,www.amazon.com,Kindle for Mac,7B1077C69580528C8BC54A7DDC9FF141,1191414794,E-Book,50900,5
2025-06-03T05:57:39Z,2025-06-03T05:58:32Z,EA9A179BAD4D4466B1E597489FFC099C,,www.amazon.com,,0B671A09510D489380FB769AAF4CF99C,1191415946,Personal Document,53600,3
2025-02-16T14:09:53Z,2025-02-16T14:09:55Z,B07FS25XTW,,www.amazon.com,,0B671A09510D489380FB769AAF4CF99C,1191414928,E-Book Sample,1800,1
2025-02-16T14:22:31Z,2025-02-16T14:23:03Z,B07FS25XTW,,www.amazon.com,Kindle E-reader,G093KM05425503M5,4351960007,E-Book Sample,31400,4
2025-02-08T08:18:20Z,2025-02-08T08:32:34Z,B08M968WT1,,www.amazon.com,Kindle E-reader,G093KM05425503M5,4351960007,E-Book Sample,853900,59
2025-05-08T22:26:23Z,2025-05-08T22:27:03Z,B002OSXNRI,www.amazon.com,www.amazon.com,Kindle E-reader,G093KM05425503M5,4417570025,E-Book,39900,3
2025-02-07T17:49:25Z,2025-02-07T17:49:37Z,B0BMF2M8Z6,www.amazon.com,www.amazon.com,Kindle E-reader,G093KM05425503M5,4351960007,E-Book,12100,1
2025-05-06T20:04:46Z,2025-05-06T20:04:49Z,CBDF7364B33944479B6871B680697E65,,www.amazon.com,Kindle E-reader,G093KM05425503M5,4417570025,Personal Document,3200,1
2025-02-27T22:02:28Z,2025-02-27T22:02:38Z,B08TWV5BMD,www.amazon.com,www.amazon.com,Kindle E-reader,G093KM05425503M5,4351960007,E-Book,10400,1
2025-01-20T06:14:10Z,2025-01-20T06:23:32Z,B08TWV5BMD,www.amazon.com,www.amazon.com,Kindle E-reader,G093KM05425503M5,4351960007,E-Book,561100,6
2025-01-31T13:16:39Z,2025-01-31T14:00:27Z,B08TWV5BMD,www.amazon.com,www.amazon.com,Kindle for Mac,7B1077C69580528C8BC54A7DDC9FF141,1191414794,E-Book,2628200,1
2024-12-10T18:15:31Z,2024-12-10T18:16:43Z,B0D5JLH3RJ,www.amazon.com,www.amazon.com,Kindle E-reader,G093KM05425503M5,4289760037,E-Book,71900,3
2025-01-30T15:29:30Z,2025-01-30T15:31:00Z,B08TWV5BMD,www.amazon.com,www.amazon.com,Kindle for Mac,7B1077C69580528C8BC54A7DDC9FF141,1191414794,E-Book,90200,1
Not Available,2025-01-11T12:20:36Z,B0BMF2M8Z6,www.amazon.com,www.amazon.com,Kindle E-reader,G093KM05425503M5,,E-Book,,
2025-01-30T15:49:45Z,2025-01-30T15:49:47Z,B08TWV5BMD,www.amazon.com,www.amazon.com,Kindle for Mac,7B1077C69580528C8BC54A7DDC9FF141,1191414794,E-Book,2200,1
2025-02-16T14:28:55Z,2025-02-16T14:29:30Z,B07FS25XTW,,www.amazon.com,Kindle E-reader,G093KM05425503M5,4351960007,E-Book Sample,34400,3
Not Available,2025-05-18T09:17:18Z,B0C5879F526A41B087D19B2C20C6E531,,www.amazon.com,Kindle E-reader,G093KM05425503M5,,Personal Document,,
2024-12-10T09:57:08Z,2024-12-10T09:57:13Z,B0D5JLH3RJ,www.amazon.com,www.amazon.com,Kindle E-reader,G093KM05425503M5,4289760037,E-Book,5600,1
2025-02-28T11:09:29Z,2025-02-28T11:09:34Z,B08TWV5BMD,www.amazon.com,www.amazon.com,Kindle E-reader,G093KM05425503M5,4351960007,E-Book,5200,1
2024-12-09T23:13:52Z,2024-12-09T23:13:59Z,B0CYBXTKJJ,,www.amazon.com,Kindle E-reader,G093KM05425503M5,4289760037,E-Book Sample,6900,1
2025-03-23T15:37:35Z,2025-03-23T15:38:05Z,B08TWV5BMD,www.amazon.com,www.amazon.com,Kindle for Mac,7B1077C69580528C8BC54A7DDC9FF141,1191415184,E-Book,30700,1
2025-03-16T15:37:02Z,2025-03-16T15:37:10Z,B08TWV5BMD,www.amazon.com,www.amazon.com,Kindle E-reader,G093KM05425503M5,4351960007,E-Book,8200,3
2025-03-23T12:21:48Z,2025-03-23T12:22:02Z,B08TWV5BMD,www.amazon.com,www.amazon.com,Kindle for Mac,7B1077C69580528C8BC54A7DDC9FF141,1191415184,E-Book,14100,1
2025-01-30T16:41:00Z,2025-01-30T16:41:18Z,B08TWV5BMD,www.amazon.com,www.amazon.com,Kindle for Mac,7B1077C69580528C8BC54A7DDC9FF141,1191414794,E-Book,17600,2
2025-03-23T12:26:38Z,2025-03-23T12:26:41Z,B08TWV5BMD,www.amazon.com,www.amazon.com,Kindle for Mac,7B1077C69580528C8BC54A7DDC9FF141,1191415184,E-Book,3400,1
2025-05-06T12:08:26Z,2025-05-06T12:08:32Z,B0C5879F526A41B087D19B2C20C6E531,,www.amazon.com,Kindle E-reader,G093KM05425503M5,4417570025,Personal Document,6200,1
2025-01-30T16:44:02Z,2025-01-30T16:44:02Z,B08TWV5BMD,www.amazon.com,www.amazon.com,Kindle for Mac,7B1077C69580528C8BC54A7DDC9FF141,1191414794,E-Book,800,1
2025-03-24T06:15:54Z,2025-03-24T06:20:44Z,D99D878063A446FB907733B911E2C257,,www.amazon.com,Kindle E-reader,G093KM05425503M5,4351960007,Personal Document,289800,10
2025-01-30T16:56:30Z,2025-01-30T16:56:59Z,B08TWV5BMD,www.amazon.com,www.amazon.com,Kindle for Mac,7B1077C69580528C8BC54A7DDC9FF141,1191414794,E-Book,28700,2
2025-01-30T15:49:23Z,2025-01-30T15:49:25Z,B08TWV5BMD,www.amazon.com,www.amazon.com,Kindle for Mac,7B1077C69580528C8BC54A7DDC9FF141,1191414794,E-Book,1700,1
2025-01-30T17:22:47Z,2025-01-30T17:22:48Z,B08TWV5BMD,www.amazon.com,www.amazon.com,Kindle for Mac,7B1077C69580528C8BC54A7DDC9FF141,1191414794,E-Book,700,1
2025-01-30T17:08:28Z,2025-01-30T17:08:29Z,B08TWV5BMD,www.amazon.com,www.amazon.com,Kindle for Mac,7B1077C69580528C8BC54A7DDC9FF141,1191414794,E-Book,800,1
2025-01-30T16:48:14Z,2025-01-30T16:48:26Z,B08TWV5BMD,www.amazon.com,www.amazon.com,Kindle for Mac,7B1077C69580528C8BC54A7DDC9FF141,1191414794,E-Book,12500,2
Not Available,2025-03-18T23:52:04Z,226B133AC0FC463185E57561BF84791C,,www.amazon.com,Kindle E-reader,G093KM05425503M5,,Personal Document,,
2025-01-13T08:44:18Z,2025-01-13T08:57:49Z,B08TWV5BMD,www.amazon.com,www.amazon.com,Kindle E-reader,G093KM05425503M5,4289760037,E-Book,811100,49
2025-03-09T21:34:03Z,2025-03-09T21:38:00Z,B08TWV5BMD,www.amazon.com,www.amazon.com,Kindle E-reader,G093KM05425503M5,4351960007,E-Book,237000,6
2024-12-12T13:13:41Z,2024-12-12T13:13:51Z,B00MUFP1QG,www.amazon.com,www.amazon.com,Kindle E-reader,G093KM05425503M5,4289760037,E-Book,10200,1
Not Available,2025-05-08T00:49:50Z,73A796BDD6EF4375A531DBB4A9113875,,www.amazon.com,Kindle E-reader,G093KM05425503M5,,Personal Document,,
2025-03-23T14:42:12Z,2025-03-23T14:42:51Z,B08TWV5BMD,www.amazon.com,www.amazon.com,Kindle for Mac,7B1077C69580528C8BC54A7DDC9FF141,1191415184,E-Book,38600,21
2025-02-18T06:03:13Z,2025-02-18T06:09:33Z,B08TWV5BMD,www.amazon.com,www.amazon.com,Kindle E-reader,G093KM05425503M5,4351960007,E-Book,379100,1
2025-03-23T13:23:54Z,2025-03-23T13:29:23Z,B08TWV5BMD,www.amazon.com,www.amazon.com,Kindle for Mac,7B1077C69580528C8BC54A7DDC9FF141,1191415184,E-Book,329200,1
2025-03-23T21:19:35Z,2025-03-23T21:42:12Z,D99D878063A446FB907733B911E2C257,,www.amazon.com,Kindle E-reader,G093KM05425503M5,4351960007,Personal Document,1356200,70
2025-05-06T12:08:59Z,2025-05-06T12:09:01Z,B0C5879F526A41B087D19B2C20C6E531,,www.amazon.com,Kindle E-reader,G093KM05425503M5,4417570025,Personal Document,1900,1
2025-03-22T23:09:07Z,2025-03-22T23:10:13Z,B08TWV5BMD,www.amazon.com,www.amazon.com,Kindle E-reader,G093KM05425503M5,4351960007,E-Book,66100,3
2025-03-24T06:45:56Z,2025-03-24T07:08:39Z,D99D878063A446FB907733B911E2C257,,www.amazon.com,Kindle E-reader,G093KM05425503M5,4351960007,Personal Document,1362300,17
2024-12-23T20:42:59Z,2024-12-23T20:52:59Z,B0BMF2M8Z6,www.amazon.com,www.amazon.com,Kindle E-reader,G093KM05425503M5,4289760037,E-Book,599900,1
2025-01-30T15:41:51Z,2025-01-30T15:41:53Z,B08TWV5BMD,www.amazon.com,www.amazon.com,Kindle for Mac,7B1077C69580528C8BC54A7DDC9FF141,1191414794,E-Book,1400,1
2025-03-23T15:38:10Z,2025-03-23T15:38:11Z,B08TWV5BMD,www.amazon.com,www.amazon.com,Kindle for Mac,7B1077C69580528C8BC54A7DDC9FF141,1191415184,E-Book,1100,1
2025-01-30T16:46:20Z,2025-01-30T16:46:25Z,B08TWV5BMD,www.amazon.com,www.amazon.com,Kindle for Mac,7B1077C69580528C8BC54A7DDC9FF141,1191414794,E-Book,5500,1
2025-03-23T17:03:56Z,2025-03-23T17:04:35Z,B08TWV5BMD,www.amazon.com,www.amazon.com,Kindle for Mac,7B1077C69580528C8BC54A7DDC9FF141,1191415184,E-Book,39300,2
2025-01-15T11:04:07Z,2025-01-15T11:05:10Z,B08TWV5BMD,www.amazon.com,www.amazon.com,Kindle E-reader,G093KM05425503M5,4289760037,E-Book,62300,1
2024-12-09T08:59:34Z,2024-12-09T09:09:34Z,B0CYBXTKJJ,,www.amazon.com,Kindle E-reader,G093KM05425503M5,4289760037,E-Book Sample,600500,1
2024-12-08T08:59:36Z,2024-12-08T09:09:45Z,B0D6RMSDSY,www.amazon.com,www.amazon.com,Kindle E-reader,G093KM05425503M5,4289760037,E-Book,608900,1
2025-06-03T06:13:31Z,2025-06-03T06:14:07Z,EA9A179BAD4D4466B1E597489FFC099C,,www.amazon.com,,0B671A09510D489380FB769AAF4CF99C,1191415946,Personal Document,35900,1
2024-12-11T07:49:54Z,2024-12-11T07:50:28Z,B0D5JLH3RJ,www.amazon.com,www.amazon.com,Kindle E-reader,G093KM05425503M5,4289760037,E-Book,34200,7
2025-01-23T19:06:30Z,2025-01-23T19:16:30Z,B0BMF2M8Z6,www.amazon.com,www.amazon.com,Kindle E-reader,G093KM05425503M5,4351960007,E-Book,599900,1
2025-02-17T19:23:08Z,2025-02-17T19:23:11Z,B08TWV5BMD,www.amazon.com,www.amazon.com,Kindle E-reader,G093KM05425503M5,4351960007,E-Book,3100,1
2024-12-13T16:12:42Z,2024-12-13T16:17:00Z,B0CYBXTKJJ,,www.amazon.com,Kindle E-reader,G093KM05425503M5,4289760037,E-Book Sample,258100,33
2025-05-17T16:56:24Z,2025-05-17T16:57:35Z,B0C5879F526A41B087D19B2C20C6E531,,www.amazon.com,Kindle E-reader,G093KM05425503M5,4417570025,Personal Document,71400,6
2025-06-03T05:51:01Z,2025-06-03T05:51:31Z,EA9A179BAD4D4466B1E597489FFC099C,,www.amazon.com,,0B671A09510D489380FB769AAF4CF99C,1191415946,Personal Document,30100,1
Not Available,2025-03-21T16:32:52Z,2BC83F926E4A4C548E784EBB4A896FDD,,www.amazon.com,,0B671A09510D489380FB769AAF4CF99C,,Personal Document,,
2024-12-05T18:47:44Z,2024-12-05T18:47:55Z,B0D6RMSDSY,www.amazon.com,www.amazon.com,Kindle E-reader,G093KM05425503M5,4289760037,E-Book,11400,1
2024-12-11T07:41:43Z,2024-12-11T07:48:12Z,B0D5JLH3RJ,www.amazon.com,www.amazon.com,Kindle E-reader,G093KM05425503M5,4289760037,E-Book,389000,22
2025-02-19T09:32:40Z,2025-02-19T09:33:57Z,B08GJVLGGX,,www.amazon.com,Kindle E-reader,G093KM05425503M5,4351960007,E-Book Sample,76600,1
2025-03-19T13:45:18Z,2025-03-19T13:46:08Z,B08TWV5BMD,www.amazon.com,www.amazon.com,Kindle E-reader,G093KM05425503M5,4351960007,E-Book,49700,14
2025-01-30T15:51:21Z,2025-01-30T15:51:22Z,B08TWV5BMD,www.amazon.com,www.amazon.com,Kindle for Mac,7B1077C69580528C8BC54A7DDC9FF141,1191414794,E-Book,1100,1
2025-02-20T06:30:39Z,2025-02-20T06:32:15Z,B0B138BPQQ,www.amazon.com,www.amazon.com,,0B671A09510D489380FB769AAF4CF99C,1191414928,E-Book,96300,2
2025-03-23T23:43:45Z,2025-03-23T23:44:22Z,D99D878063A446FB907733B911E2C257,,www.amazon.com,,D1EB7E8F4C3A4611BAC1C351F64AC226,1191415306,Personal Document,36900,4
2026-06-04T06:31:50Z,2026-06-04T06:32:27Z,2B5C08450D2B4FB3B323F25384F94EB6,,www.amazon.com,Kindle for Mac,74153E981358530EA9DD064C2B3B848A,1191418634,Personal Document,37400,1
2026-06-03T21:37:17Z,2026-06-03T21:37:19Z,2B5C08450D2B4FB3B323F25384F94EB6,,www.amazon.com,Kindle for Mac,74153E981358530EA9DD064C2B3B848A,1191418634,Personal Document,1600,1
2025-10-02T18:07:19Z,2025-10-02T18:54:50Z,C33EAA6122644BA2A23308C0F09239A3,,www.amazon.com,Kindle E-reader,G093KM05425503M5,4527780001,Personal Document,2851300,32
2026-02-19T00:25:21Z,2026-02-19T00:43:18Z,23333B3D8D3649CEAAF7BB6797A0DF0A,,www.amazon.com,Kindle E-reader,G093KM05425503M5,4586150041,Personal Document,1077200,14
Not Available,2025-10-03T11:45:35Z,226B133AC0FC463185E57561BF84791C,,www.amazon.com,Kindle E-reader,G093KM05425503M5,,Personal Document,,
2026-01-30T14:48:49Z,2026-01-30T15:44:33Z,23333B3D8D3649CEAAF7BB6797A0DF0A,,www.amazon.com,Kindle E-reader,G093KM05425503M5,4586150041,Personal Document,3343900,57
Not Available,2026-06-03T04:39:51Z,740A4726C2A34CBAA8C20AC672F5D604,,www.amazon.com,,0B671A09510D489380FB769AAF4CF99C,,Personal Document,,
2026-02-12T07:33:19Z,2026-02-12T07:54:58Z,23333B3D8D3649CEAAF7BB6797A0DF0A,,www.amazon.com,Kindle E-reader,G093KM05425503M5,4586150041,Personal Document,1299600,4
Not Available,2025-11-03T15:16:09Z,73A796BDD6EF4375A531DBB4A9113875,,www.amazon.com,Kindle E-reader,G093KM05425503M5,,Personal Document,,
2025-10-06T21:04:30Z,2025-10-06T21:21:10Z,B00O1E3XYQ,www.amazon.com,www.amazon.com,Kindle E-reader,G093KM05425503M5,4527780001,E-Book,999800,6
2025-10-17T07:03:34Z,2025-10-17T07:50:12Z,73A796BDD6EF4375A531DBB4A9113875,,www.amazon.com,Kindle E-reader,G093KM05425503M5,4556790001,Personal Document,2798600,56
2026-03-24T01:22:14Z,2026-03-24T01:39:53Z,DC9F5DCCD48B488FBA54134E22360029,,www.amazon.com,Kindle E-reader,G093KM05425503M5,4670750040,Personal Document,1059600,15
2025-06-28T13:01:42Z,2025-06-28T13:01:52Z,226B133AC0FC463185E57561BF84791C,,www.amazon.com,Kindle E-reader,G093KM05425503M5,4446290017,Personal Document,9500,4
2026-06-04T19:47:59Z,2026-06-04T19:58:21Z,2B5C08450D2B4FB3B323F25384F94EB6,,www.amazon.com,Kindle for Mac,74153E981358530EA9DD064C2B3B848A,1191418634,Personal Document,622200,1
2026-01-27T17:15:04Z,2026-01-27T17:15:12Z,B0D12WJTBY,,www.amazon.com,Kindle E-reader,G093KM05425503M5,4586150041,E-Book Sample,7700,3
2026-06-03T12:05:27Z,2026-06-03T12:05:42Z,DC9F5DCCD48B488FBA54134E22360029,,www.amazon.com,Kindle E-reader,G093KM05425503M5,4670750040,Personal Document,15200,1
2025-03-23T23:44:44Z,2025-03-23T23:45:11Z,D99D878063A446FB907733B911E2C257,,www.amazon.com,,D1EB7E8F4C3A4611BAC1C351F64AC226,1191415306,Personal Document,27300,8
2025-12-10T06:57:56Z,2025-12-10T06:58:07Z,73A796BDD6EF4375A531DBB4A9113875,,www.amazon.com,Kindle E-reader,G093KM05425503M5,4586150041,Personal Document,10600,1
Not Available,2025-10-17T07:50:12Z,73A796BDD6EF4375A531DBB4A9113875,,www.amazon.com,Kindle E-reader,G093KM05425503M5,,Personal Document,,
Not Available,2025-06-28T13:07:42Z,226B133AC0FC463185E57561BF84791C,,www.amazon.com,Kindle E-reader,G093KM05425503M5,,Personal Document,,
2025-06-26T23:49:51Z,2025-06-26T23:49:55Z,B015MQS30K,,www.amazon.com,Kindle E-reader,G093KM05425503M5,4446290017,E-Book Sample,4000,1
2025-06-26T22:07:03Z,2025-06-26T22:07:10Z,73A796BDD6EF4375A531DBB4A9113875,,www.amazon.com,Kindle E-reader,G093KM05425503M5,4446290017,Personal Document,7600,1
2026-05-23T13:25:23Z,2026-05-23T13:25:29Z,1425249FF5C74B06BA48048D7DF125E3,,www.amazon.com,Kindle E-reader,G093KM05425503M5,4670750040,Personal Document,6000,1
2025-10-06T21:04:12Z,2025-10-06T21:04:25Z,226B133AC0FC463185E57561BF84791C,,www.amazon.com,Kindle E-reader,G093KM05425503M5,4527780001,Personal Document,13100,1
2026-02-20T15:14:25Z,2026-02-20T15:29:31Z,225DCE15EFF44547BF43D741F95DA6BF,,www.amazon.com,Kindle E-reader,G093KM05425503M5,4586150041,Personal Document,905100,51
2026-02-15T06:51:02Z,2026-02-15T06:59:44Z,23333B3D8D3649CEAAF7BB6797A0DF0A,,www.amazon.com,Kindle E-reader,G093KM05425503M5,4586150041,Personal Document,521700,13
Not Available,2025-12-04T16:28:15Z,73A796BDD6EF4375A531DBB4A9113875,,www.amazon.com,Kindle E-reader,G093KM05425503M5,,Personal Document,,
2026-01-26T01:03:14Z,2026-01-26T01:03:31Z,226B133AC0FC463185E57561BF84791C,,www.amazon.com,Kindle E-reader,G093KM05425503M5,4586150041,Personal Document,16300,1
2026-05-22T22:10:39Z,2026-05-22T22:38:44Z,1425249FF5C74B06BA48048D7DF125E3,,www.amazon.com,Kindle E-reader,G093KM05425503M5,4670750040,Personal Document,1685200,23
2026-05-29T09:15:07Z,2026-05-29T09:15:16Z,2B5C08450D2B4FB3B323F25384F94EB6,,www.amazon.com,Kindle for Mac,74153E981358530EA9DD064C2B3B848A,1191418634,Personal Document,9300,1
2025-06-29T23:25:04Z,2025-06-29T23:59:10Z,73A796BDD6EF4375A531DBB4A9113875,,www.amazon.com,Kindle E-reader,G093KM05425503M5,4446290017,Personal Document,2045900,58
2025-12-04T00:40:56Z,2025-12-04T01:00:36Z,73A796BDD6EF4375A531DBB4A9113875,,www.amazon.com,Kindle E-reader,G093KM05425503M5,4586150041,Personal Document,1179900,13
2026-06-02T21:14:54Z,2026-06-02T21:19:00Z,740A4726C2A34CBAA8C20AC672F5D604,,www.amazon.com,,0B671A09510D489380FB769AAF4CF99C,1191419274,Personal Document,246300,9
2026-06-04T11:26:56Z,2026-06-04T11:54:54Z,2B5C08450D2B4FB3B323F25384F94EB6,,www.amazon.com,Kindle for Mac,74153E981358530EA9DD064C2B3B848A,1191418634,Personal Document,1677900,1
2026-02-21T03:23:18Z,2026-02-21T03:36:08Z,225DCE15EFF44547BF43D741F95DA6BF,,www.amazon.com,Kindle E-reader,G093KM05425503M5,4586150041,Personal Document,770500,2
2026-02-17T02:05:32Z,2026-02-17T02:13:33Z,23333B3D8D3649CEAAF7BB6797A0DF0A,,www.amazon.com,Kindle E-reader,G093KM05425503M5,4586150041,Personal Document,480900,10
2025-06-07T05:31:39Z,2025-06-07T05:31:43Z,EA9A179BAD4D4466B1E597489FFC099C,,www.amazon.com,Kindle E-reader,G093KM05425503M5,4417570025,Personal Document,4200,1
2026-01-31T10:55:26Z,2026-01-31T11:35:33Z,23333B3D8D3649CEAAF7BB6797A0DF0A,,www.amazon.com,Kindle E-reader,G093KM05425503M5,4586150041,Personal Document,2406900,30
2026-02-15T17:53:06Z,2026-02-15T17:53:12Z,23333B3D8D3649CEAAF7BB6797A0DF0A,,www.amazon.com,Kindle E-reader,G093KM05425503M5,4586150041,Personal Document,6200,1
2025-06-28T17:12:11Z,2025-06-28T17:12:35Z,B015MQS30K,,www.amazon.com,Kindle E-reader,G093KM05425503M5,4446290017,E-Book Sample,23200,1
Not Available,2026-01-13T21:31:10Z,73A796BDD6EF4375A531DBB4A9113875,,www.amazon.com,Kindle E-reader,G093KM05425503M5,,Personal Document,,
2026-03-11T20:35:28Z,2026-03-11T20:57:46Z,225DCE15EFF44547BF43D741F95DA6BF,,www.amazon.com,Kindle E-reader,G093KM05425503M5,4586150041,Personal Document,1338400,31
2025-09-30T16:39:09Z,2025-09-30T16:39:29Z,B00O1E3XYQ,www.amazon.com,www.amazon.com,Kindle E-reader,G093KM05425503M5,4527780001,E-Book,20500,7
2025-08-14T17:03:29Z,2025-08-14T17:28:53Z,B002OSXNRI,www.amazon.com,www.amazon.com,Kindle E-reader,G093KM05425503M5,4466650029,E-Book,1524100,40
2026-03-12T13:56:10Z,2026-03-12T13:58:53Z,225DCE15EFF44547BF43D741F95DA6BF,,www.amazon.com,Kindle E-reader,G093KM05425503M5,4586150041,Personal Document,162800,3
Not Available,2025-06-29T23:59:10Z,73A796BDD6EF4375A531DBB4A9113875,,www.amazon.com,Kindle E-reader,G093KM05425503M5,,Personal Document,,
2026-01-28T05:59:46Z,2026-01-28T06:08:38Z,23333B3D8D3649CEAAF7BB6797A0DF0A,,www.amazon.com,Kindle E-reader,G093KM05425503M5,4586150041,Personal Document,532700,15
2025-06-30T19:29:18Z,2025-06-30T19:29:43Z,73A796BDD6EF4375A531DBB4A9113875,,www.amazon.com,Kindle E-reader,G093KM05425503M5,4446290017,Personal Document,25600,1
2026-06-03T12:11:35Z,2026-06-03T12:11:41Z,DC9F5DCCD48B488FBA54134E22360029,,www.amazon.com,Kindle E-reader,G093KM05425503M5,4670750040,Personal Document,5800,1
2025-10-02T13:55:07Z,2025-10-02T13:58:47Z,C33EAA6122644BA2A23308C0F09239A3,,www.amazon.com,Kindle E-reader,G093KM05425503M5,4527780001,Personal Document,220700,7
Not Available,2025-10-02T13:55:02Z,C33EAA6122644BA2A23308C0F09239A3,,www.amazon.com,Kindle E-reader,G093KM05425503M5,,Personal Document,,
2026-06-03T20:11:02Z,2026-06-03T21:16:43Z,2B5C08450D2B4FB3B323F25384F94EB6,,www.amazon.com,Kindle for Mac,74153E981358530EA9DD064C2B3B848A,1191418634,Personal Document,3940900,1
Not Available,2026-05-25T22:02:10Z,740A4726C2A34CBAA8C20AC672F5D604,,www.amazon.com,,0B671A09510D489380FB769AAF4CF99C,,Personal Document,,
2026-06-02T17:19:34Z,2026-06-02T17:19:34Z,2B5C08450D2B4FB3B323F25384F94EB6,,www.amazon.com,Kindle for Mac,74153E981358530EA9DD064C2B3B848A,1191418634,Personal Document,800,1
2026-01-13T15:26:54Z,2026-01-13T15:32:28Z,73A796BDD6EF4375A531DBB4A9113875,,www.amazon.com,Kindle E-reader,G093KM05425503M5,4586150041,Personal Document,334000,4
2026-05-23T11:26:54Z,2026-05-23T11:36:56Z,1425249FF5C74B06BA48048D7DF125E3,,www.amazon.com,Kindle E-reader,G093KM05425503M5,4670750040,Personal Document,602300,1
2026-06-04T10:49:05Z,2026-06-04T10:49:05Z,2B5C08450D2B4FB3B323F25384F94EB6,,www.amazon.com,Kindle for Mac,74153E981358530EA9DD064C2B3B848A,1191418634,Personal Document,700,1
2025-12-04T14:44:02Z,2025-12-04T14:54:48Z,73A796BDD6EF4375A531DBB4A9113875,,www.amazon.com,Kindle E-reader,G093KM05425503M5,4586150041,Personal Document,646100,7
2026-02-20T16:53:20Z,2026-02-20T16:53:39Z,225DCE15EFF44547BF43D741F95DA6BF,,www.amazon.com,Kindle E-reader,G093KM05425503M5,4586150041,Personal Document,18900,1
2026-06-04T13:58:46Z,2026-06-04T15:06:47Z,2B5C08450D2B4FB3B323F25384F94EB6,,www.amazon.com,Kindle for Mac,74153E981358530EA9DD064C2B3B848A,1191418634,Personal Document,4080900,1
2026-01-26T01:03:40Z,2026-01-26T01:05:58Z,CBDF7364B33944479B6871B680697E65,,www.amazon.com,Kindle E-reader,G093KM05425503M5,4586150041,Personal Document,138700,5
2026-06-04T10:56:22Z,2026-06-04T10:56:27Z,740A4726C2A34CBAA8C20AC672F5D604,,www.amazon.com,Kindle E-reader,G093KM05425503M5,4670750040,Personal Document,5400,1
2026-06-04T19:58:54Z,2026-06-04T19:58:59Z,2B5C08450D2B4FB3B323F25384F94EB6,,www.amazon.com,Kindle for Mac,74153E981358530EA9DD064C2B3B848A,1191418634,Personal Document,5000,1
2026-06-04T09:25:41Z,2026-06-04T09:25:42Z,2B5C08450D2B4FB3B323F25384F94EB6,,www.amazon.com,Kindle for Mac,74153E981358530EA9DD064C2B3B848A,1191418634,Personal Document,1200,1
2025-10-09T12:35:47Z,2025-10-09T12:39:13Z,B00O1E3XYQ,www.amazon.com,www.amazon.com,Kindle E-reader,G093KM05425503M5,4527780001,E-Book,206400,2
Not Available,2026-05-28T04:55:00Z,2B5C08450D2B4FB3B323F25384F94EB6,,www.amazon.com,,0B671A09510D489380FB769AAF4CF99C,,Personal Document,,
2026-05-29T09:01:43Z,2026-05-29T09:02:02Z,2B5C08450D2B4FB3B323F25384F94EB6,,www.amazon.com,Kindle for Mac,74153E981358530EA9DD064C2B3B848A,1191418634,Personal Document,19100,2
2026-01-04T23:03:22Z,2026-01-04T23:03:44Z,73A796BDD6EF4375A531DBB4A9113875,,www.amazon.com,Kindle E-reader,G093KM05425503M5,4586150041,Personal Document,22000,1
2026-02-15T14:30:17Z,2026-02-15T15:25:18Z,23333B3D8D3649CEAAF7BB6797A0DF0A,,www.amazon.com,Kindle E-reader,G093KM05425503M5,4586150041,Personal Document,3301200,41
2025-06-07T19:27:33Z,2025-06-07T19:27:58Z,B0C5879F526A41B087D19B2C20C6E531,,www.amazon.com,Kindle E-reader,G093KM05425503M5,4417570025,Personal Document,24800,2
Not Available,2026-06-02T21:18:56Z,740A4726C2A34CBAA8C20AC672F5D604,,www.amazon.com,,0B671A09510D489380FB769AAF4CF99C,,Personal Document,,
2026-02-18T20:49:03Z,2026-02-18T21:23:16Z,23333B3D8D3649CEAAF7BB6797A0DF0A,,www.amazon.com,Kindle E-reader,G093KM05425503M5,4586150041,Personal Document,2052900,51
Not Available,2025-12-04T14:54:48Z,73A796BDD6EF4375A531DBB4A9113875,,www.amazon.com,Kindle E-reader,G093KM05425503M5,,Personal Document,,
2026-03-12T22:31:53Z,2026-03-12T22:53:19Z,225DCE15EFF44547BF43D741F95DA6BF,,www.amazon.com,Kindle E-reader,G093KM05425503M5,4586150041,Personal Document,1286100,18
2026-02-11T10:43:26Z,2026-02-11T11:26:02Z,23333B3D8D3649CEAAF7BB6797A0DF0A,,www.amazon.com,Kindle E-reader,G093KM05425503M5,4586150041,Personal Document,2555800,46
Not Available,2025-10-26T02:41:55Z,1B68B6C2EEFD4CAB979E596C12167ED2,,www.amazon.com,,0B671A09510D489380FB769AAF4CF99C,,Personal Document,,
2026-01-17T02:46:50Z,2026-01-17T02:47:12Z,226B133AC0FC463185E57561BF84791C,,www.amazon.com,Kindle E-reader,G093KM05425503M5,4586150041,Personal Document,21900,1
2026-02-11T23:50:32Z,2026-02-12T00:28:10Z,23333B3D8D3649CEAAF7BB6797A0DF0A,,www.amazon.com,Kindle E-reader,G093KM05425503M5,4586150041,Personal Document,2257900,31
2026-06-04T05:40:42Z,2026-06-04T05:48:40Z,740A4726C2A34CBAA8C20AC672F5D604,,www.amazon.com,Kindle E-reader,G093KM05425503M5,4670750040,Personal Document,478200,20
2026-03-22T11:43:38Z,2026-03-22T11:43:51Z,1425249FF5C74B06BA48048D7DF125E3,,www.amazon.com,Kindle E-reader,G093KM05425503M5,4670750040,Personal Document,13600,1
2025-10-26T15:17:08Z,2025-10-26T15:17:12Z,73A796BDD6EF4375A531DBB4A9113875,,www.amazon.com,Kindle E-reader,G093KM05425503M5,4556790001,Personal Document,4400,1
2025-06-27T11:07:00Z,2025-06-27T11:07:18Z,73A796BDD6EF4375A531DBB4A9113875,,www.amazon.com,Kindle E-reader,G093KM05425503M5,4446290017,Personal Document,18000,2
Not Available,2025-12-20T14:35:00Z,73A796BDD6EF4375A531DBB4A9113875,,www.amazon.com,Kindle E-reader,G093KM05425503M5,,Personal Document,,
2025-06-07T19:30:51Z,2025-06-07T19:59:55Z,73A796BDD6EF4375A531DBB4A9113875,,www.amazon.com,Kindle E-reader,G093KM05425503M5,4417570025,Personal Document,1743900,34
2025-08-14T09:03:32Z,2025-08-14T09:12:05Z,B002OSXNRI,www.amazon.com,www.amazon.com,Kindle E-reader,G093KM05425503M5,4466650029,E-Book,512800,19
2026-01-27T16:55:32Z,2026-01-27T16:57:03Z,B0D12WJTBY,,www.amazon.com,Kindle E-reader,G093KM05425503M5,4586150041,E-Book Sample,90900,1
2026-02-09T22:53:18Z,2026-02-09T22:53:45Z,23333B3D8D3649CEAAF7BB6797A0DF0A,,www.amazon.com,Kindle E-reader,G093KM05425503M5,4586150041,Personal Document,26700,1
2026-06-04T06:46:10Z,2026-06-04T07:40:53Z,740A4726C2A34CBAA8C20AC672F5D604,,www.amazon.com,Kindle E-reader,G093KM05425503M5,4670750040,Personal Document,3282700,71
2026-03-22T05:11:04Z,2026-03-22T05:43:11Z,225DCE15EFF44547BF43D741F95DA6BF,,www.amazon.com,Kindle E-reader,G093KM05425503M5,4586150041,Personal Document,1926700,21
2025-06-28T13:07:38Z,2025-06-28T13:07:42Z,226B133AC0FC463185E57561BF84791C,,www.amazon.com,Kindle E-reader,G093KM05425503M5,4446290017,Personal Document,4100,1
2026-05-24T20:46:36Z,2026-05-24T21:13:04Z,740A4726C2A34CBAA8C20AC672F5D604,,www.amazon.com,,0B671A09510D489380FB769AAF4CF99C,1191419274,Personal Document,1587600,37
Not Available,2026-05-24T21:20:00Z,740A4726C2A34CBAA8C20AC672F5D604,,www.amazon.com,,0B671A09510D489380FB769AAF4CF99C,,Personal Document,,
2026-03-22T05:45:35Z,2026-03-22T06:02:11Z,225DCE15EFF44547BF43D741F95DA6BF,,www.amazon.com,Kindle E-reader,G093KM05425503M5,4586150041,Personal Document,995700,11
2026-05-23T13:26:43Z,2026-05-23T15:27:34Z,1425249FF5C74B06BA48048D7DF125E3,,www.amazon.com,Kindle E-reader,G093KM05425503M5,4670750040,Personal Document,7250700,238
Not Available,2026-05-24T20:41:51Z,740A4726C2A34CBAA8C20AC672F5D604,,www.amazon.com,,0B671A09510D489380FB769AAF4CF99C,,Personal Document,,
Not Available,2026-03-22T06:02:30Z,225DCE15EFF44547BF43D741F95DA6BF,,www.amazon.com,Kindle E-reader,G093KM05425503M5,,Personal Document,,
2025-08-14T09:14:28Z,2025-08-14T09:21:20Z,B002OSXNRI,www.amazon.com,www.amazon.com,Kindle E-reader,G093KM05425503M5,4466650029,E-Book,412200,16
2026-06-04T09:20:57Z,2026-06-04T09:20:58Z,2B5C08450D2B4FB3B323F25384F94EB6,,www.amazon.com,Kindle for Mac,74153E981358530EA9DD064C2B3B848A,1191418634,Personal Document,1300,1
2026-03-24T01:21:33Z,2026-03-24T01:22:10Z,1425249FF5C74B06BA48048D7DF125E3,,www.amazon.com,Kindle E-reader,G093KM05425503M5,4670750040,Personal Document,36500,1
2026-01-27T17:49:07Z,2026-01-27T17:49:15Z,23333B3D8D3649CEAAF7BB6797A0DF0A,,www.amazon.com,Kindle E-reader,G093KM05425503M5,4586150041,Personal Document,8400,1
Not Available,2026-01-27T17:15:49Z,23333B3D8D3649CEAAF7BB6797A0DF0A,,www.amazon.com,Kindle E-reader,G093KM05425503M5,,Personal Document,,
Not Available,2026-02-19T05:44:16Z,23333B3D8D3649CEAAF7BB6797A0DF0A,,www.amazon.com,Kindle E-reader,G093KM05425503M5,,Personal Document,,
2025-08-14T16:47:22Z,2025-08-14T17:02:51Z,B002OSXNRI,www.amazon.com,www.amazon.com,Kindle E-reader,G093KM05425503M5,4466650029,E-Book,928500,31
2025-06-28T17:19:01Z,2025-06-28T17:33:53Z,B015MQS30K,,www.amazon.com,Kindle E-reader,G093KM05425503M5,4446290017,E-Book Sample,892100,10
2026-01-27T17:25:46Z,2026-01-27T17:26:25Z,23333B3D8D3649CEAAF7BB6797A0DF0A,,www.amazon.com,Kindle E-reader,G093KM05425503M5,4586150041,Personal Document,39400,6
2025-10-25T10:19:31Z,2025-10-25T10:59:00Z,73A796BDD6EF4375A531DBB4A9113875,,www.amazon.com,Kindle E-reader,G093KM05425503M5,4556790001,Personal Document,2369100,45
2025-10-02T17:28:15Z,2025-10-02T17:28:29Z,C33EAA6122644BA2A23308C0F09239A3,,www.amazon.com,Kindle E-reader,G093KM05425503M5,4527780001,Personal Document,13900,1
2025-06-26T22:03:01Z,2025-06-26T22:03:17Z,EA9A179BAD4D4466B1E597489FFC099C,,www.amazon.com,Kindle E-reader,G093KM05425503M5,4446290017,Personal Document,15800,2
2026-06-02T12:10:13Z,2026-06-02T12:10:14Z,2B5C08450D2B4FB3B323F25384F94EB6,,www.amazon.com,Kindle for Mac,74153E981358530EA9DD064C2B3B848A,1191418634,Personal Document,900,1
2025-09-25T17:52:37Z,2025-09-25T17:52:46Z,B00O1E3XYQ,www.amazon.com,www.amazon.com,,0B671A09510D489380FB769AAF4CF99C,1191416970,E-Book,8400,3
2026-01-27T17:12:01Z,2026-01-27T17:12:41Z,DC9F5DCCD48B488FBA54134E22360029,,www.amazon.com,Kindle E-reader,G093KM05425503M5,4586150041,Personal Document,39400,12
2025-12-10T06:59:29Z,2025-12-10T07:34:55Z,73A796BDD6EF4375A531DBB4A9113875,,www.amazon.com,Kindle E-reader,G093KM05425503M5,4586150041,Personal Document,2126400,26
2025-12-10T11:07:45Z,2025-12-10T11:08:29Z,73A796BDD6EF4375A531DBB4A9113875,,www.amazon.com,,0B671A09510D489380FB769AAF4CF99C,1191417738,Personal Document,43400,3
Not Available,2026-05-28T05:09:56Z,2B5C08450D2B4FB3B323F25384F94EB6,,www.amazon.com,,0B671A09510D489380FB769AAF4CF99C,,Personal Document,,
2026-05-26T11:29:46Z,2026-05-26T11:57:46Z,DC9F5DCCD48B488FBA54134E22360029,,www.amazon.com,Kindle E-reader,G093KM05425503M5,4670750040,Personal Document,1680700,15
2025-06-08T17:51:11Z,2025-06-08T17:56:59Z,73A796BDD6EF4375A531DBB4A9113875,,www.amazon.com,Kindle E-reader,G093KM05425503M5,4417570025,Personal Document,348100,4
2026-01-12T11:09:17Z,2026-01-12T11:09:47Z,73A796BDD6EF4375A531DBB4A9113875,,www.amazon.com,Kindle E-reader,G093KM05425503M5,4586150041,Personal Document,29800,1
2026-05-21T04:43:59Z,2026-05-21T04:44:08Z,DC9F5DCCD48B488FBA54134E22360029,,www.amazon.com,Kindle E-reader,G093KM05425503M5,4670750040,Personal Document,9300,1
2026-06-03T12:57:21Z,2026-06-03T12:57:34Z,740A4726C2A34CBAA8C20AC672F5D604,,www.amazon.com,Kindle E-reader,G093KM05425503M5,4670750040,Personal Document,13300,1
2025-06-30T00:12:40Z,2025-06-30T00:12:48Z,B0C5879F526A41B087D19B2C20C6E531,,www.amazon.com,Kindle E-reader,G093KM05425503M5,4446290017,Personal Document,7100,1
2025-06-29T23:24:44Z,2025-06-29T23:24:57Z,7126CCDF4DE44E309CABCF30E08EC099,,www.amazon.com,Kindle E-reader,G093KM05425503M5,4446290017,Personal Document,12800,1
Not Available,2026-06-02T21:40:56Z,740A4726C2A34CBAA8C20AC672F5D604,,www.amazon.com,,0B671A09510D489380FB769AAF4CF99C,,Personal Document,,
2025-09-30T15:32:49Z,2025-09-30T15:33:17Z,B00O1E3XYQ,www.amazon.com,www.amazon.com,Kindle E-reader,G093KM05425503M5,4466650029,E-Book,28400,1
2026-03-10T23:43:18Z,2026-03-11T00:01:43Z,225DCE15EFF44547BF43D741F95DA6BF,,www.amazon.com,Kindle E-reader,G093KM05425503M5,4586150041,Personal Document,1105200,12
2025-08-14T09:00:05Z,2025-08-14T09:03:21Z,73A796BDD6EF4375A531DBB4A9113875,,www.amazon.com,Kindle E-reader,G093KM05425503M5,4466650029,Personal Document,196400,5
2025-09-25T17:53:19Z,2025-09-25T17:53:23Z,B00O1E3XYQ,www.amazon.com,www.amazon.com,,0B671A09510D489380FB769AAF4CF99C,1191416970,E-Book,3900,1
2026-02-11T12:35:37Z,2026-02-11T12:39:01Z,23333B3D8D3649CEAAF7BB6797A0DF0A,,www.amazon.com,Kindle E-reader,G093KM05425503M5,4586150041,Personal Document,203400,6
2026-06-02T12:38:00Z,2026-06-02T12:38:43Z,2B5C08450D2B4FB3B323F25384F94EB6,,www.amazon.com,Kindle for Mac,74153E981358530EA9DD064C2B3B848A,1191418634,Personal Document,43400,1
2026-06-02T21:14:43Z,2026-06-02T21:14:49Z,2B5C08450D2B4FB3B323F25384F94EB6,,www.amazon.com,,0B671A09510D489380FB769AAF4CF99C,1191419274,Personal Document,5500,1
2026-01-27T17:16:16Z,2026-01-27T17:16:23Z,1425249FF5C74B06BA48048D7DF125E3,,www.amazon.com,Kindle E-reader,G093KM05425503M5,4586150041,Personal Document,7100,1
2026-01-27T17:15:13Z,2026-01-27T17:15:49Z,23333B3D8D3649CEAAF7BB6797A0DF0A,,www.amazon.com,Kindle E-reader,G093KM05425503M5,4586150041,Personal Document,36400,6
2025-12-20T14:22:53Z,2025-12-20T14:35:00Z,73A796BDD6EF4375A531DBB4A9113875,,www.amazon.com,Kindle E-reader,G093KM05425503M5,4586150041,Personal Document,726800,5
2025-06-28T12:56:15Z,2025-06-28T12:56:17Z,226B133AC0FC463185E57561BF84791C,,www.amazon.com,Kindle E-reader,G093KM05425503M5,4446290017,Personal Document,2500,1
2026-06-02T10:30:55Z,2026-06-02T11:29:41Z,2B5C08450D2B4FB3B323F25384F94EB6,,www.amazon.com,Kindle for Mac,74153E981358530EA9DD064C2B3B848A,1191418634,Personal Document,3525800,1
Not Available,2026-01-27T17:12:41Z,DC9F5DCCD48B488FBA54134E22360029,,www.amazon.com,Kindle E-reader,G093KM05425503M5,,Personal Document,,
Not Available,2026-06-02T21:39:59Z,740A4726C2A34CBAA8C20AC672F5D604,,www.amazon.com,,0B671A09510D489380FB769AAF4CF99C,,Personal Document,,
2026-06-04T13:16:52Z,2026-06-04T13:57:25Z,740A4726C2A34CBAA8C20AC672F5D604,,www.amazon.com,Kindle E-reader,G093KM05425503M5,4670750040,Personal Document,2433000,52
2025-10-26T01:58:10Z,2025-10-26T02:12:37Z,73A796BDD6EF4375A531DBB4A9113875,,www.amazon.com,Kindle E-reader,G093KM05425503M5,4556790001,Personal Document,867000,8
2025-12-18T21:02:25Z,2025-12-18T21:02:30Z,73A796BDD6EF4375A531DBB4A9113875,,www.amazon.com,Kindle E-reader,G093KM05425503M5,4586150041,Personal Document,4900,1
2026-01-26T23:08:30Z,2026-01-26T23:10:23Z,CBDF7364B33944479B6871B680697E65,,www.amazon.com,Kindle E-reader,G093KM05425503M5,4586150041,Personal Document,112400,7
2026-06-04T13:41:34Z,2026-06-04T13:42:06Z,2B5C08450D2B4FB3B323F25384F94EB6,,www.amazon.com,Kindle for Mac,74153E981358530EA9DD064C2B3B848A,1191418634,Personal Document,31500,1
2025-06-30T00:03:50Z,2025-06-30T00:05:36Z,73A796BDD6EF4375A531DBB4A9113875,,www.amazon.com,Kindle E-reader,G093KM05425503M5,4446290017,Personal Document,105500,4
2026-05-21T04:44:17Z,2026-05-21T05:35:24Z,1425249FF5C74B06BA48048D7DF125E3,,www.amazon.com,Kindle E-reader,G093KM05425503M5,4670750040,Personal Document,3067100,92
2026-05-23T15:27:40Z,2026-05-23T18:03:58Z,1425249FF5C74B06BA48048D7DF125E3,,www.amazon.com,Kindle E-reader,G093KM05425503M5,4670750040,Personal Document,9378300,264
2026-03-11T21:33:24Z,2026-03-11T22:23:02Z,225DCE15EFF44547BF43D741F95DA6BF,,www.amazon.com,Kindle E-reader,G093KM05425503M5,4586150041,Personal Document,2978600,53
2026-01-27T05:54:39Z,2026-01-27T06:17:35Z,B0D12WJTBY,,www.amazon.com,Kindle E-reader,G093KM05425503M5,4586150041,E-Book Sample,1375700,29
Not Available,2025-06-30T00:27:33Z,73A796BDD6EF4375A531DBB4A9113875,,www.amazon.com,Kindle E-reader,G093KM05425503M5,,Personal Document,,
2026-01-27T22:51:08Z,2026-01-27T23:34:02Z,23333B3D8D3649CEAAF7BB6797A0DF0A,,www.amazon.com,Kindle E-reader,G093KM05425503M5,4586150041,Personal Document,2573800,49
2026-05-30T21:38:43Z,2026-05-31T05:33:06Z,2B5C08450D2B4FB3B323F25384F94EB6,,www.amazon.com,Kindle for Mac,74153E981358530EA9DD064C2B3B848A,1191418634,Personal Document,28463600,1
Not Available,2026-01-27T17:16:23Z,1425249FF5C74B06BA48048D7DF125E3,,www.amazon.com,Kindle E-reader,G093KM05425503M5,,Personal Document,,
2025-08-14T17:03:19Z,2025-08-14T17:03:24Z,B002OSXNRI,www.amazon.com,www.amazon.com,Kindle E-reader,G093KM05425503M5,4466650029,E-Book,4500,1
Not Available,2025-08-14T09:03:21Z,73A796BDD6EF4375A531DBB4A9113875,,www.amazon.com,Kindle E-reader,G093KM05425503M5,,Personal Document,,
2025-11-03T15:07:14Z,2025-11-03T15:16:09Z,73A796BDD6EF4375A531DBB4A9113875,,www.amazon.com,Kindle E-reader,G093KM05425503M5,4556790001,Personal Document,534800,4
2026-05-29T21:26:17Z,2026-05-30T05:22:39Z,2B5C08450D2B4FB3B323F25384F94EB6,,www.amazon.com,Kindle for Mac,74153E981358530EA9DD064C2B3B848A,1191418634,Personal Document,28582500,1
2025-06-28T17:10:28Z,2025-06-28T17:10:32Z,226B133AC0FC463185E57561BF84791C,,www.amazon.com,Kindle E-reader,G093KM05425503M5,4446290017,Personal Document,4000,1
2025-09-25T17:51:07Z,2025-09-25T17:51:28Z,B00O1E3XYQ,www.amazon.com,www.amazon.com,,0B671A09510D489380FB769AAF4CF99C,1191416970,E-Book,21100,4
2026-06-02T15:20:27Z,2026-06-02T16:50:13Z,2B5C08450D2B4FB3B323F25384F94EB6,,www.amazon.com,Kindle for Mac,74153E981358530EA9DD064C2B3B848A,1191418634,Personal Document,5386000,1
2026-06-02T12:04:54Z,2026-06-02T12:05:24Z,2B5C08450D2B4FB3B323F25384F94EB6,,www.amazon.com,Kindle for Mac,74153E981358530EA9DD064C2B3B848A,1191418634,Personal Document,30300,1
2026-06-02T12:08:28Z,2026-06-02T12:09:16Z,2B5C08450D2B4FB3B323F25384F94EB6,,www.amazon.com,Kindle for Mac,74153E981358530EA9DD064C2B3B848A,1191418634,Personal Document,48400,1
2026-06-04T05:02:09Z,2026-06-04T05:40:28Z,740A4726C2A34CBAA8C20AC672F5D604,,www.amazon.com,Kindle E-reader,G093KM05425503M5,4670750040,Personal Document,2299200,68
Not Available,2025-06-27T11:26:40Z,73A796BDD6EF4375A531DBB4A9113875,,www.amazon.com,Kindle E-reader,G093KM05425503M5,,Personal Document,,
2026-05-29T09:03:51Z,2026-05-29T09:04:00Z,2B5C08450D2B4FB3B323F25384F94EB6,,www.amazon.com,Kindle for Mac,74153E981358530EA9DD064C2B3B848A,1191418634,Personal Document,8700,2
2026-01-27T17:25:11Z,2026-01-27T17:25:25Z,225DCE15EFF44547BF43D741F95DA6BF,,www.amazon.com,Kindle E-reader,G093KM05425503M5,4586150041,Personal Document,13100,2
Not Available,2026-05-24T20:40:20Z,740A4726C2A34CBAA8C20AC672F5D604,,www.amazon.com,,0B671A09510D489380FB769AAF4CF99C,,Personal Document,,
2026-01-27T16:56:47Z,2026-01-27T16:57:03Z,B0D12WJTBY,,www.amazon.com,Kindle E-reader,G093KM05425503M5,4586150041,E-Book Sample,16300,2
Not Available,2026-05-24T20:50:51Z,740A4726C2A34CBAA8C20AC672F5D604,,www.amazon.com,,0B671A09510D489380FB769AAF4CF99C,,Personal Document,,
2026-05-23T11:44:57Z,2026-05-23T13:22:53Z,1425249FF5C74B06BA48048D7DF125E3,,www.amazon.com,Kindle E-reader,G093KM05425503M5,4670750040,Personal Document,5876700,217
2026-01-26T23:10:31Z,2026-01-26T23:11:17Z,B015MQS30K,,www.amazon.com,Kindle E-reader,G093KM05425503M5,4586150041,E-Book Sample,46400,33
2025-06-08T03:53:19Z,2025-06-08T04:04:34Z,73A796BDD6EF4375A531DBB4A9113875,,www.amazon.com,Kindle E-reader,G093KM05425503M5,4417570025,Personal Document,675400,18
2026-03-19T13:36:37Z,2026-03-19T13:37:52Z,225DCE15EFF44547BF43D741F95DA6BF,,www.amazon.com,Kindle E-reader,G093KM05425503M5,4586150041,Personal Document,74600,2
2025-06-30T01:31:50Z,2025-06-30T01:36:14Z,73A796BDD6EF4375A531DBB4A9113875,,www.amazon.com,Kindle E-reader,G093KM05425503M5,4446290017,Personal Document,264600,8
2025-10-26T15:17:19Z,2025-10-26T15:17:22Z,226B133AC0FC463185E57561BF84791C,,www.amazon.com,Kindle E-reader,G093KM05425503M5,4556790001,Personal Document,3100,1
2026-01-31T06:08:55Z,2026-01-31T07:10:18Z,23333B3D8D3649CEAAF7BB6797A0DF0A,,www.amazon.com,Kindle E-reader,G093KM05425503M5,4586150041,Personal Document,3682700,60
2025-06-30T01:00:06Z,2025-06-30T01:16:04Z,73A796BDD6EF4375A531DBB4A9113875,,www.amazon.com,Kindle E-reader,G093KM05425503M5,4446290017,Personal Document,957900,10
2025-10-03T11:28:11Z,2025-10-03T11:28:15Z,C33EAA6122644BA2A23308C0F09239A3,,www.amazon.com,Kindle E-reader,G093KM05425503M5,4527780001,Personal Document,4600,1
2025-06-07T05:32:03Z,2025-06-07T05:32:05Z,B0C5879F526A41B087D19B2C20C6E531,,www.amazon.com,Kindle E-reader,G093KM05425503M5,4417570025,Personal Document,2100,1
2026-06-03T12:55:28Z,2026-06-03T12:55:43Z,740A4726C2A34CBAA8C20AC672F5D604,,www.amazon.com,Kindle E-reader,G093KM05425503M5,4670750040,Personal Document,14500,1
2026-06-02T12:09:28Z,2026-06-02T12:09:29Z,2B5C08450D2B4FB3B323F25384F94EB6,,www.amazon.com,Kindle for Mac,74153E981358530EA9DD064C2B3B848A,1191418634,Personal Document,1000,1
Not Available,2026-01-26T23:10:23Z,CBDF7364B33944479B6871B680697E65,,www.amazon.com,Kindle E-reader,G093KM05425503M5,,Personal Document,,
2026-01-04T23:02:44Z,2026-01-04T23:03:10Z,73A796BDD6EF4375A531DBB4A9113875,,www.amazon.com,Kindle E-reader,G093KM05425503M5,4586150041,Personal Document,26100,1
2025-06-28T12:56:04Z,2025-06-28T12:56:06Z,73A796BDD6EF4375A531DBB4A9113875,,www.amazon.com,Kindle E-reader,G093KM05425503M5,4446290017,Personal Document,2800,1
2026-02-15T22:48:38Z,2026-02-15T23:30:42Z,23333B3D8D3649CEAAF7BB6797A0DF0A,,www.amazon.com,Kindle E-reader,G093KM05425503M5,4586150041,Personal Document,2523900,47
2026-05-29T09:13:51Z,2026-05-29T09:15:06Z,2B5C08450D2B4FB3B323F25384F94EB6,,www.amazon.com,Kindle for Mac,74153E981358530EA9DD064C2B3B848A,1191418634,Personal Document,74900,1
2026-06-02T12:19:00Z,2026-06-02T12:35:07Z,2B5C08450D2B4FB3B323F25384F94EB6,,www.amazon.com,Kindle for Mac,74153E981358530EA9DD064C2B3B848A,1191418634,Personal Document,966700,1
Not Available,2026-01-27T17:16:32Z,225DCE15EFF44547BF43D741F95DA6BF,,www.amazon.com,Kindle E-reader,G093KM05425503M5,,Personal Document,,
Not Available,2026-05-24T20:45:03Z,740A4726C2A34CBAA8C20AC672F5D604,,www.amazon.com,,0B671A09510D489380FB769AAF4CF99C,,Personal Document,,
2026-01-13T20:29:39Z,2026-01-13T21:31:10Z,73A796BDD6EF4375A531DBB4A9113875,,www.amazon.com,Kindle E-reader,G093KM05425503M5,4586150041,Personal Document,3691800,89
2026-06-03T12:05:06Z,2026-06-03T13:22:45Z,2B5C08450D2B4FB3B323F25384F94EB6,,www.amazon.com,Kindle for Mac,74153E981358530EA9DD064C2B3B848A,1191418634,Personal Document,4659100,1
Not Available,2026-06-03T12:11:41Z,DC9F5DCCD48B488FBA54134E22360029,,www.amazon.com,Kindle E-reader,G093KM05425503M5,,Personal Document,,
2026-02-20T15:30:20Z,2026-02-20T15:37:49Z,225DCE15EFF44547BF43D741F95DA6BF,,www.amazon.com,Kindle E-reader,G093KM05425503M5,4586150041,Personal Document,448700,9
2025-06-28T18:25:37Z,2025-06-28T18:28:42Z,7126CCDF4DE44E309CABCF30E08EC099,,www.amazon.com,Kindle E-reader,G093KM05425503M5,4446290017,Personal Document,184400,8
2025-12-10T07:59:25Z,2025-12-10T07:59:37Z,73A796BDD6EF4375A531DBB4A9113875,,www.amazon.com,Kindle E-reader,G093KM05425503M5,4586150041,Personal Document,11500,1
2025-07-06T19:24:22Z,2025-07-06T19:58:49Z,73A796BDD6EF4375A531DBB4A9113875,,www.amazon.com,Kindle E-reader,G093KM05425503M5,4446290017,Personal Document,2067200,56
2025-10-02T19:06:29Z,2025-10-02T19:19:59Z,C33EAA6122644BA2A23308C0F09239A3,,www.amazon.com,Kindle E-reader,G093KM05425503M5,4527780001,Personal Document,810000,7
Not Available,2025-12-10T07:34:56Z,73A796BDD6EF4375A531DBB4A9113875,,www.amazon.com,Kindle E-reader,G093KM05425503M5,,Personal Document,,
2026-06-02T11:47:58Z,2026-06-02T11:47:59Z,2B5C08450D2B4FB3B323F25384F94EB6,,www.amazon.com,Kindle for Mac,74153E981358530EA9DD064C2B3B848A,1191418634,Personal Document,900,1
2026-06-03T04:33:11Z,2026-06-03T04:40:10Z,740A4726C2A34CBAA8C20AC672F5D604,,www.amazon.com,,0B671A09510D489380FB769AAF4CF99C,1191419274,Personal Document,418800,14
Not Available,2025-10-02T13:58:48Z,C33EAA6122644BA2A23308C0F09239A3,,www.amazon.com,Kindle E-reader,G093KM05425503M5,,Personal Document,,
2026-05-28T04:24:39Z,2026-05-28T04:24:44Z,740A4726C2A34CBAA8C20AC672F5D604,,www.amazon.com,,0B671A09510D489380FB769AAF4CF99C,1191419274,Personal Document,4100,1
2025-10-03T11:32:10Z,2025-10-03T11:45:35Z,226B133AC0FC463185E57561BF84791C,,www.amazon.com,Kindle E-reader,G093KM05425503M5,4527780001,Personal Document,804400,6
2025-10-02T17:27:40Z,2025-10-02T17:27:45Z,C33EAA6122644BA2A23308C0F09239A3,,www.amazon.com,Kindle E-reader,G093KM05425503M5,4527780001,Personal Document,5100,1
2026-06-02T11:31:48Z,2026-06-02T11:31:50Z,2B5C08450D2B4FB3B323F25384F94EB6,,www.amazon.com,Kindle for Mac,74153E981358530EA9DD064C2B3B848A,1191418634,Personal Document,2100,1
2026-01-27T17:14:37Z,2026-01-27T17:15:01Z,B0D12WJTBY,,www.amazon.com,Kindle E-reader,G093KM05425503M5,4586150041,E-Book Sample,23900,1
Not Available,2026-05-24T20:39:15Z,740A4726C2A34CBAA8C20AC672F5D604,,www.amazon.com,,0B671A09510D489380FB769AAF4CF99C,,Personal Document,,
2025-10-01T16:57:31Z,2025-10-01T16:57:55Z,B00O1E3XYQ,www.amazon.com,www.amazon.com,Kindle E-reader,G093KM05425503M5,4527780001,E-Book,24600,3
2026-05-31T21:34:32Z,2026-06-01T04:24:41Z,2B5C08450D2B4FB3B323F25384F94EB6,,www.amazon.com,Kindle for Mac,74153E981358530EA9DD064C2B3B848A,1191418634,Personal Document,24608900,1
2025-06-08T04:09:45Z,2025-06-08T04:24:18Z,B015MQS30K,,www.amazon.com,Kindle E-reader,G093KM05425503M5,4417570025,E-Book Sample,873100,23
2025-06-28T13:00:59Z,2025-06-28T13:01:06Z,226B133AC0FC463185E57561BF84791C,,www.amazon.com,Kindle E-reader,G093KM05425503M5,4446290017,Personal Document,7500,3
2025-06-27T11:26:05Z,2025-06-27T11:26:17Z,73A796BDD6EF4375A531DBB4A9113875,,www.amazon.com,Kindle E-reader,G093KM05425503M5,4446290017,Personal Document,12000,1
Not Available,2025-07-06T19:58:49Z,73A796BDD6EF4375A531DBB4A9113875,,www.amazon.com,Kindle E-reader,G093KM05425503M5,,Personal Document,,
2026-01-15T08:25:26Z,2026-01-15T08:25:31Z,226B133AC0FC463185E57561BF84791C,,www.amazon.com,Kindle E-reader,G093KM05425503M5,4586150041,Personal Document,5500,1
2026-02-21T04:50:47Z,2026-02-21T04:56:50Z,225DCE15EFF44547BF43D741F95DA6BF,,www.amazon.com,Kindle E-reader,G093KM05425503M5,4586150041,Personal Document,363200,2
2025-10-02T17:33:14Z,2025-10-02T18:04:02Z,C33EAA6122644BA2A23308C0F09239A3,,www.amazon.com,Kindle E-reader,G093KM05425503M5,4527780001,Personal Document,1847100,13
2025-10-01T20:20:17Z,2025-10-01T20:20:44Z,B00O1E3XYQ,www.amazon.com,www.amazon.com,Kindle E-reader,G093KM05425503M5,4527780001,E-Book,27000,2
2026-06-02T08:43:42Z,2026-06-02T09:53:14Z,2B5C08450D2B4FB3B323F25384F94EB6,,www.amazon.com,Kindle for Mac,74153E981358530EA9DD064C2B3B848A,1191418634,Personal Document,4171600,1
2025-06-28T17:10:59Z,2025-06-28T17:12:01Z,B015MQS30K,,www.amazon.com,Kindle E-reader,G093KM05425503M5,4446290017,E-Book Sample,62400,11
2026-05-28T04:25:13Z,2026-05-28T04:25:16Z,740A4726C2A34CBAA8C20AC672F5D604,,www.amazon.com,,0B671A09510D489380FB769AAF4CF99C,1191419274,Personal Document,3300,3
Not Available,2026-06-03T04:29:57Z,740A4726C2A34CBAA8C20AC672F5D604,,www.amazon.com,,0B671A09510D489380FB769AAF4CF99C,,Personal Document,,
2026-05-24T20:36:02Z,2026-05-24T20:39:27Z,740A4726C2A34CBAA8C20AC672F5D604,,www.amazon.com,,0B671A09510D489380FB769AAF4CF99C,1191419274,Personal Document,205800,37
2026-01-30T14:39:01Z,2026-01-30T14:43:26Z,23333B3D8D3649CEAAF7BB6797A0DF0A,,www.amazon.com,Kindle E-reader,G093KM05425503M5,4586150041,Personal Document,265000,13
2026-01-14T15:18:31Z,2026-01-14T16:06:56Z,226B133AC0FC463185E57561BF84791C,,www.amazon.com,Kindle E-reader,G093KM05425503M5,4586150041,Personal Document,2905200,71
2026-02-20T15:37:56Z,2026-02-20T16:00:19Z,225DCE15EFF44547BF43D741F95DA6BF,,www.amazon.com,Kindle E-reader,G093KM05425503M5,4586150041,Personal Document,1342500,24
2025-10-02T18:54:59Z,2025-10-02T19:06:19Z,C33EAA6122644BA2A23308C0F09239A3,,www.amazon.com,Kindle E-reader,G093KM05425503M5,4527780001,Personal Document,680200,4
2026-01-13T18:06:33Z,2026-01-13T18:16:33Z,73A796BDD6EF4375A531DBB4A9113875,,www.amazon.com,Kindle E-reader,G093KM05425503M5,4586150041,Personal Document,600000,1
2026-02-20T16:53:44Z,2026-02-20T16:53:55Z,225DCE15EFF44547BF43D741F95DA6BF,,www.amazon.com,Kindle E-reader,G093KM05425503M5,4586150041,Personal Document,11200,1
2026-02-23T03:45:56Z,2026-02-23T04:03:54Z,225DCE15EFF44547BF43D741F95DA6BF,,www.amazon.com,Kindle E-reader,G093KM05425503M5,4586150041,Personal Document,1078300,15
Not Available,2025-06-10T11:10:44Z,73A796BDD6EF4375A531DBB4A9113875,,www.amazon.com,Kindle E-reader,G093KM05425503M5,,Personal Document,,
Not Available,2025-06-30T01:16:04Z,73A796BDD6EF4375A531DBB4A9113875,,www.amazon.com,Kindle E-reader,G093KM05425503M5,,Personal Document,,
2026-02-14T18:11:21Z,2026-02-14T19:01:42Z,23333B3D8D3649CEAAF7BB6797A0DF0A,,www.amazon.com,Kindle E-reader,G093KM05425503M5,4586150041,Personal Document,3021300,63
Not Available,2025-10-16T23:56:10Z,73A796BDD6EF4375A531DBB4A9113875,,www.amazon.com,Kindle E-reader,G093KM05425503M5,,Personal Document,,
2026-06-03T12:55:46Z,2026-06-03T12:55:56Z,CBDF7364B33944479B6871B680697E65,,www.amazon.com,Kindle E-reader,G093KM05425503M5,4670750040,Personal Document,10000,2
Not Available,2025-10-25T09:54:40Z,73A796BDD6EF4375A531DBB4A9113875,,www.amazon.com,Kindle E-reader,G093KM05425503M5,,Personal Document,,
2026-03-19T13:30:34Z,2026-03-19T13:36:07Z,225DCE15EFF44547BF43D741F95DA6BF,,www.amazon.com,Kindle E-reader,G093KM05425503M5,4586150041,Personal Document,333000,1
2026-06-03T12:57:48Z,2026-06-03T12:57:59Z,740A4726C2A34CBAA8C20AC672F5D604,,www.amazon.com,Kindle E-reader,G093KM05425503M5,4670750040,Personal Document,10700,1
2025-10-26T02:41:40Z,2025-10-26T02:41:46Z,B00O1E3XYQ,www.amazon.com,www.amazon.com,,0B671A09510D489380FB769AAF4CF99C,1191417306,E-Book,6600,4
2026-06-03T13:23:22Z,2026-06-03T13:46:23Z,2B5C08450D2B4FB3B323F25384F94EB6,,www.amazon.com,Kindle for Mac,74153E981358530EA9DD064C2B3B848A,1191418634,Personal Document,1380200,1
2026-01-26T01:09:05Z,2026-01-26T01:32:32Z,CBDF7364B33944479B6871B680697E65,,www.amazon.com,Kindle E-reader,G093KM05425503M5,4586150041,Personal Document,1407000,19
2026-05-25T21:49:52Z,2026-05-25T22:08:53Z,740A4726C2A34CBAA8C20AC672F5D604,,www.amazon.com,,0B671A09510D489380FB769AAF4CF99C,1191419274,Personal Document,1141100,16
2026-01-27T17:10:44Z,2026-01-27T17:10:59Z,B0DJHSDHDH,,www.amazon.com,Kindle E-reader,G093KM05425503M5,4586150041,E-Book Sample,14600,1
2026-02-12T23:30:33Z,2026-02-13T00:40:07Z,23333B3D8D3649CEAAF7BB6797A0DF0A,,www.amazon.com,Kindle E-reader,G093KM05425503M5,4586150041,Personal Document,4173900,76
2026-06-04T09:31:33Z,2026-06-04T09:31:34Z,2B5C08450D2B4FB3B323F25384F94EB6,,www.amazon.com,Kindle for Mac,74153E981358530EA9DD064C2B3B848A,1191418634,Personal Document,1200,1
2025-10-26T02:41:55Z,2025-10-26T02:42:10Z,1B68B6C2EEFD4CAB979E596C12167ED2,,www.amazon.com,,0B671A09510D489380FB769AAF4CF99C,1191417306,Personal Document,15000,1
2026-01-04T22:50:30Z,2026-01-04T22:50:35Z,73A796BDD6EF4375A531DBB4A9113875,,www.amazon.com,Kindle E-reader,G093KM05425503M5,4586150041,Personal Document,5400,1
2025-06-30T16:45:38Z,2025-06-30T16:49:09Z,73A796BDD6EF4375A531DBB4A9113875,,www.amazon.com,Kindle E-reader,G093KM05425503M5,4446290017,Personal Document,210200,1
2026-06-04T08:35:07Z,2026-06-04T08:35:39Z,2B5C08450D2B4FB3B323F25384F94EB6,,www.amazon.com,Kindle for Mac,74153E981358530EA9DD064C2B3B848A,1191418634,Personal Document,31600,1
2025-11-03T15:06:42Z,2025-11-03T15:06:46Z,226B133AC0FC463185E57561BF84791C,,www.amazon.com,Kindle E-reader,G093KM05425503M5,4556790001,Personal Document,4700,1
Not Available,2026-05-25T21:54:57Z,740A4726C2A34CBAA8C20AC672F5D604,,www.amazon.com,,0B671A09510D489380FB769AAF4CF99C,,Personal Document,,
2026-02-11T07:06:56Z,2026-02-11T07:54:43Z,23333B3D8D3649CEAAF7BB6797A0DF0A,,www.amazon.com,Kindle E-reader,G093KM05425503M5,4586150041,Personal Document,2867200,49
Not Available,2025-06-30T00:05:36Z,73A796BDD6EF4375A531DBB4A9113875,,www.amazon.com,Kindle E-reader,G093KM05425503M5,,Personal Document,,
2025-06-08T17:49:08Z,2025-06-08T17:50:47Z,73A796BDD6EF4375A531DBB4A9113875,,www.amazon.com,Kindle E-reader,G093KM05425503M5,4417570025,Personal Document,98500,2
2026-01-26T23:11:19Z,2026-01-26T23:52:29Z,B0D12WJTBY,,www.amazon.com,Kindle E-reader,G093KM05425503M5,4586150041,E-Book Sample,2469700,39
2026-01-13T13:36:15Z,2026-01-13T15:23:21Z,73A796BDD6EF4375A531DBB4A9113875,,www.amazon.com,Kindle E-reader,G093KM05425503M5,4586150041,Personal Document,6426000,141
2026-01-27T17:25:32Z,2026-01-27T17:25:42Z,1425249FF5C74B06BA48048D7DF125E3,,www.amazon.com,Kindle E-reader,G093KM05425503M5,4586150041,Personal Document,9500,1
2025-06-08T04:06:01Z,2025-06-08T04:09:35Z,B0D12WJTBY,,www.amazon.com,Kindle E-reader,G093KM05425503M5,4417570025,E-Book Sample,214100,9
Not Available,2025-12-04T01:00:36Z,73A796BDD6EF4375A531DBB4A9113875,,www.amazon.com,Kindle E-reader,G093KM05425503M5,,Personal Document,,
2025-06-26T22:11:09Z,2025-06-26T22:11:22Z,B015MQS30K,,www.amazon.com,Kindle E-reader,G093KM05425503M5,4446290017,E-Book Sample,12500,1
2025-06-26T23:49:57Z,2025-06-27T00:09:29Z,73A796BDD6EF4375A531DBB4A9113875,,www.amazon.com,Kindle E-reader,G093KM05425503M5,4446290017,Personal Document,1171800,25
Not Available,2025-06-28T18:28:42Z,7126CCDF4DE44E309CABCF30E08EC099,,www.amazon.com,Kindle E-reader,G093KM05425503M5,,Personal Document,,
2026-05-24T21:13:15Z,2026-05-24T21:20:06Z,740A4726C2A34CBAA8C20AC672F5D604,,www.amazon.com,,0B671A09510D489380FB769AAF4CF99C,1191419274,Personal Document,410500,11
Not Available,2026-06-04T13:57:25Z,740A4726C2A34CBAA8C20AC672F5D604,,www.amazon.com,Kindle E-reader,G093KM05425503M5,,Personal Document,,
2026-05-24T20:46:04Z,2026-05-24T20:46:22Z,740A4726C2A34CBAA8C20AC672F5D604,,www.amazon.com,,0B671A09510D489380FB769AAF4CF99C,1191419274,Personal Document,17300,1
Not Available,2025-10-26T02:12:37Z,73A796BDD6EF4375A531DBB4A9113875,,www.amazon.com,Kindle E-reader,G093KM05425503M5,,Personal Document,,
2025-06-28T18:22:36Z,2025-06-28T18:22:44Z,B015MQS30K,,www.amazon.com,Kindle E-reader,G093KM05425503M5,4446290017,E-Book Sample,8000,1
2026-06-02T12:39:06Z,2026-06-02T12:43:07Z,2B5C08450D2B4FB3B323F25384F94EB6,,www.amazon.com,Kindle for Mac,74153E981358530EA9DD064C2B3B848A,1191418634,Personal Document,240400,1
2026-03-02T23:06:56Z,2026-03-02T23:29:54Z,225DCE15EFF44547BF43D741F95DA6BF,,www.amazon.com,Kindle E-reader,G093KM05425503M5,4586150041,Personal Document,1377400,18
2026-03-19T06:08:01Z,2026-03-19T06:32:22Z,225DCE15EFF44547BF43D741F95DA6BF,,www.amazon.com,Kindle E-reader,G093KM05425503M5,4586150041,Personal Document,1460400,32
2026-06-04T10:56:40Z,2026-06-04T11:28:28Z,740A4726C2A34CBAA8C20AC672F5D604,,www.amazon.com,Kindle E-reader,G093KM05425503M5,4670750040,Personal Document,1907900,62
Not Available,2026-05-25T21:58:28Z,740A4726C2A34CBAA8C20AC672F5D604,,www.amazon.com,,0B671A09510D489380FB769AAF4CF99C,,Personal Document,,
2025-06-07T19:23:58Z,2025-06-07T19:27:05Z,B0C5879F526A41B087D19B2C20C6E531,,www.amazon.com,Kindle E-reader,G093KM05425503M5,4417570025,Personal Document,186400,1
2026-06-04T08:14:41Z,2026-06-04T08:34:24Z,740A4726C2A34CBAA8C20AC672F5D604,,www.amazon.com,Kindle E-reader,G093KM05425503M5,4670750040,Personal Document,1183100,29
Not Available,2026-06-03T04:14:00Z,740A4726C2A34CBAA8C20AC672F5D604,,www.amazon.com,,0B671A09510D489380FB769AAF4CF99C,,Personal Document,,
2026-01-27T17:15:51Z,2026-01-27T17:15:56Z,B0D12WJTBY,,www.amazon.com,Kindle E-reader,G093KM05425503M5,4586150041,E-Book Sample,5000,1
2026-02-20T16:53:57Z,2026-02-20T16:54:01Z,225DCE15EFF44547BF43D741F95DA6BF,,www.amazon.com,Kindle E-reader,G093KM05425503M5,4586150041,Personal Document,4900,1
2025-10-25T09:39:28Z,2025-10-25T09:54:40Z,73A796BDD6EF4375A531DBB4A9113875,,www.amazon.com,Kindle E-reader,G093KM05425503M5,4556790001,Personal Document,911800,7
Not Available,2025-07-03T17:47:56Z,73A796BDD6EF4375A531DBB4A9113875,,www.amazon.com,Kindle E-reader,G093KM05425503M5,,Personal Document,,
2025-10-22T15:18:38Z,2025-10-22T15:51:51Z,73A796BDD6EF4375A531DBB4A9113875,,www.amazon.com,Kindle E-reader,G093KM05425503M5,4556790001,Personal Document,1992500,28
Not Available,2026-06-02T21:28:24Z,740A4726C2A34CBAA8C20AC672F5D604,,www.amazon.com,,0B671A09510D489380FB769AAF4CF99C,,Personal Document,,
2026-06-03T04:09:34Z,2026-06-03T04:30:35Z,740A4726C2A34CBAA8C20AC672F5D604,,www.amazon.com,,0B671A09510D489380FB769AAF4CF99C,1191419274,Personal Document,1260200,31
Not Available,2026-01-26T01:03:31Z,226B133AC0FC463185E57561BF84791C,,www.amazon.com,Kindle E-reader,G093KM05425503M5,,Personal Document,,
2026-01-27T17:14:12Z,2026-01-27T17:14:34Z,23333B3D8D3649CEAAF7BB6797A0DF0A,,www.amazon.com,Kindle E-reader,G093KM05425503M5,4586150041,Personal Document,22000,13
2026-06-02T21:19:59Z,2026-06-02T21:41:06Z,740A4726C2A34CBAA8C20AC672F5D604,,www.amazon.com,,0B671A09510D489380FB769AAF4CF99C,1191419274,Personal Document,1267000,33
2026-02-14T17:47:52Z,2026-02-14T18:11:15Z,23333B3D8D3649CEAAF7BB6797A0DF0A,,www.amazon.com,Kindle E-reader,G093KM05425503M5,4586150041,Personal Document,1403400,32
2026-01-14T09:10:54Z,2026-01-14T09:40:37Z,226B133AC0FC463185E57561BF84791C,,www.amazon.com,Kindle E-reader,G093KM05425503M5,4586150041,Personal Document,1782800,58
2025-06-08T18:13:04Z,2025-06-08T18:21:47Z,73A796BDD6EF4375A531DBB4A9113875,,www.amazon.com,Kindle E-reader,G093KM05425503M5,4417570025,Personal Document,522800,12
Not Available,2026-06-03T12:55:56Z,CBDF7364B33944479B6871B680697E65,,www.amazon.com,Kindle E-reader,G093KM05425503M5,,Personal Document,,
2025-12-19T05:28:00Z,2025-12-19T05:28:42Z,73A796BDD6EF4375A531DBB4A9113875,,www.amazon.com,Kindle E-reader,G093KM05425503M5,4586150041,Personal Document,41900,5
2026-01-27T17:16:26Z,2026-01-27T17:16:32Z,225DCE15EFF44547BF43D741F95DA6BF,,www.amazon.com,Kindle E-reader,G093KM05425503M5,4586150041,Personal Document,5900,1
2026-05-23T19:15:28Z,2026-05-23T19:15:51Z,1425249FF5C74B06BA48048D7DF125E3,,www.amazon.com,Kindle E-reader,G093KM05425503M5,4670750040,Personal Document,22900,2
2026-05-22T21:53:11Z,2026-05-22T21:53:40Z,1425249FF5C74B06BA48048D7DF125E3,,www.amazon.com,Kindle E-reader,G093KM05425503M5,4670750040,Personal Document,29100,1
2026-06-04T07:45:08Z,2026-06-04T07:57:49Z,740A4726C2A34CBAA8C20AC672F5D604,,www.amazon.com,Kindle E-reader,G093KM05425503M5,4670750040,Personal Document,761300,22
Not Available,2026-05-28T05:19:47Z,2B5C08450D2B4FB3B323F25384F94EB6,,www.amazon.com,,0B671A09510D489380FB769AAF4CF99C,,Personal Document,,
2026-02-19T05:18:58Z,2026-02-19T05:44:16Z,23333B3D8D3649CEAAF7BB6797A0DF0A,,www.amazon.com,Kindle E-reader,G093KM05425503M5,4586150041,Personal Document,1518000,53
2026-01-14T17:38:36Z,2026-01-14T17:40:17Z,226B133AC0FC463185E57561BF84791C,,www.amazon.com,Kindle E-reader,G093KM05425503M5,4586150041,Personal Document,100500,1
2025-12-04T22:07:19Z,2025-12-04T23:19:13Z,73A796BDD6EF4375A531DBB4A9113875,,www.amazon.com,Kindle E-reader,G093KM05425503M5,4586150041,Personal Document,4313900,76
2026-05-23T09:50:29Z,2026-05-23T10:26:55Z,1425249FF5C74B06BA48048D7DF125E3,,www.amazon.com,Kindle E-reader,G093KM05425503M5,4670750040,Personal Document,2186500,54
2025-12-04T15:47:40Z,2025-12-04T16:28:15Z,73A796BDD6EF4375A531DBB4A9113875,,www.amazon.com,Kindle E-reader,G093KM05425503M5,4586150041,Personal Document,2434600,49
2026-05-28T04:52:51Z,2026-05-28T05:19:48Z,2B5C08450D2B4FB3B323F25384F94EB6,,www.amazon.com,,0B671A09510D489380FB769AAF4CF99C,1191419274,Personal Document,1617100,56
2026-06-03T13:51:58Z,2026-06-03T19:11:27Z,2B5C08450D2B4FB3B323F25384F94EB6,,www.amazon.com,Kindle for Mac,74153E981358530EA9DD064C2B3B848A,1191418634,Personal Document,19168900,1
2026-01-17T02:47:14Z,2026-01-17T02:53:33Z,226B133AC0FC463185E57561BF84791C,,www.amazon.com,Kindle E-reader,G093KM05425503M5,4586150041,Personal Document,379500,5
Not Available,2025-06-28T13:25:31Z,226B133AC0FC463185E57561BF84791C,,www.amazon.com,Kindle E-reader,G093KM05425503M5,,Personal Document,,
2025-12-10T11:09:54Z,2025-12-10T11:09:56Z,73A796BDD6EF4375A531DBB4A9113875,,www.amazon.com,,0B671A09510D489380FB769AAF4CF99C,1191417738,Personal Document,1800,2
2026-01-14T06:07:50Z,2026-01-14T06:08:05Z,B002OSXNRI,www.amazon.com,www.amazon.com,Kindle E-reader,G093KM05425503M5,4586150041,E-Book,14600,1
2026-01-14T06:09:11Z,2026-01-14T06:56:27Z,226B133AC0FC463185E57561BF84791C,,www.amazon.com,Kindle E-reader,G093KM05425503M5,4586150041,Personal Document,2835900,57
2026-06-02T21:10:13Z,2026-06-03T04:07:07Z,2B5C08450D2B4FB3B323F25384F94EB6,,www.amazon.com,Kindle for Mac,74153E981358530EA9DD064C2B3B848A,1191418634,Personal Document,25014000,1
Not Available,2025-10-25T10:59:01Z,73A796BDD6EF4375A531DBB4A9113875,,www.amazon.com,Kindle E-reader,G093KM05425503M5,,Personal Document,,
2025-10-16T23:16:01Z,2025-10-16T23:56:09Z,73A796BDD6EF4375A531DBB4A9113875,,www.amazon.com,Kindle E-reader,G093KM05425503M5,4556790001,Personal Document,2408400,61
2026-05-29T09:02:05Z,2026-05-29T09:02:07Z,2B5C08450D2B4FB3B323F25384F94EB6,,www.amazon.com,Kindle for Mac,74153E981358530EA9DD064C2B3B848A,1191418634,Personal Document,1700,1
2026-01-13T20:10:00Z,2026-01-13T20:29:32Z,73A796BDD6EF4375A531DBB4A9113875,,www.amazon.com,Kindle E-reader,G093KM05425503M5,4586150041,Personal Document,1172100,32
2026-01-12T11:31:04Z,2026-01-12T11:32:05Z,73A796BDD6EF4375A531DBB4A9113875,,www.amazon.com,Kindle E-reader,G093KM05425503M5,4586150041,Personal Document,61000,1
2026-06-04T08:41:41Z,2026-06-04T08:43:54Z,2B5C08450D2B4FB3B323F25384F94EB6,,www.amazon.com,Kindle for Mac,74153E981358530EA9DD064C2B3B848A,1191418634,Personal Document,133100,1
2025-10-02T13:37:55Z,2025-10-02T13:55:02Z,C33EAA6122644BA2A23308C0F09239A3,,www.amazon.com,Kindle E-reader,G093KM05425503M5,4527780001,Personal Document,1027100,99
2025-06-28T13:24:42Z,2025-06-28T13:25:31Z,226B133AC0FC463185E57561BF84791C,,www.amazon.com,Kindle E-reader,G093KM05425503M5,4446290017,Personal Document,48700,2
2026-02-24T07:07:09Z,2026-02-24T07:18:09Z,225DCE15EFF44547BF43D741F95DA6BF,,www.amazon.com,Kindle E-reader,G093KM05425503M5,4586150041,Personal Document,659800,27
2026-01-15T07:05:05Z,2026-01-15T08:14:56Z,226B133AC0FC463185E57561BF84791C,,www.amazon.com,Kindle E-reader,G093KM05425503M5,4586150041,Personal Document,4191700,72
2026-06-01T21:41:44Z,2026-06-01T22:31:01Z,2B5C08450D2B4FB3B323F25384F94EB6,,www.amazon.com,Kindle for Mac,74153E981358530EA9DD064C2B3B848A,1191418634,Personal Document,2956400,1
2026-05-25T12:29:42Z,2026-05-25T12:29:45Z,740A4726C2A34CBAA8C20AC672F5D604,,www.amazon.com,,0B671A09510D489380FB769AAF4CF99C,1191419274,Personal Document,3300,3
2026-06-03T11:46:13Z,2026-06-03T11:47:01Z,DC9F5DCCD48B488FBA54134E22360029,,www.amazon.com,Kindle E-reader,G093KM05425503M5,4670750040,Personal Document,47600,1
2025-07-01T16:21:27Z,2025-07-01T16:21:31Z,73A796BDD6EF4375A531DBB4A9113875,,www.amazon.com,Kindle E-reader,G093KM05425503M5,4446290017,Personal Document,4100,1
Not Available,2025-12-04T23:19:13Z,73A796BDD6EF4375A531DBB4A9113875,,www.amazon.com,Kindle E-reader,G093KM05425503M5,,Personal Document,,
2025-06-27T11:26:27Z,2025-06-27T11:26:40Z,73A796BDD6EF4375A531DBB4A9113875,,www.amazon.com,Kindle E-reader,G093KM05425503M5,4446290017,Personal Document,12300,1
2025-07-01T20:01:45Z,2025-07-01T20:01:49Z,73A796BDD6EF4375A531DBB4A9113875,,www.amazon.com,Kindle E-reader,G093KM05425503M5,4446290017,Personal Document,3700,1
2026-02-13T08:38:22Z,2026-02-13T08:38:33Z,23333B3D8D3649CEAAF7BB6797A0DF0A,,www.amazon.com,Kindle E-reader,G093KM05425503M5,4586150041,Personal Document,11000,1
2026-05-24T20:39:32Z,2026-05-24T20:45:32Z,740A4726C2A34CBAA8C20AC672F5D604,,www.amazon.com,,0B671A09510D489380FB769AAF4CF99C,1191419274,Personal Document,359700,15
2026-02-23T19:59:16Z,2026-02-23T20:02:25Z,225DCE15EFF44547BF43D741F95DA6BF,,www.amazon.com,Kindle E-reader,G093KM05425503M5,4586150041,Personal Document,189000,1
2026-05-26T03:25:56Z,2026-05-26T03:25:56Z,740A4726C2A34CBAA8C20AC672F5D604,,www.amazon.com,,0B671A09510D489380FB769AAF4CF99C,1191419274,Personal Document,300,1
Not Available,2026-05-28T04:53:00Z,2B5C08450D2B4FB3B323F25384F94EB6,,www.amazon.com,,0B671A09510D489380FB769AAF4CF99C,,Personal Document,,
2025-10-02T17:06:16Z,2025-10-02T17:06:30Z,C33EAA6122644BA2A23308C0F09239A3,,www.amazon.com,Kindle E-reader,G093KM05425503M5,4527780001,Personal Document,13400,2
Not Available,2026-05-24T21:12:31Z,740A4726C2A34CBAA8C20AC672F5D604,,www.amazon.com,,0B671A09510D489380FB769AAF4CF99C,,Personal Document,,
2025-06-30T00:12:52Z,2025-06-30T00:27:33Z,73A796BDD6EF4375A531DBB4A9113875,,www.amazon.com,Kindle E-reader,G093KM05425503M5,4446290017,Personal Document,880300,24
2026-01-27T17:11:28Z,2026-01-27T17:11:41Z,B08GJVLGGX,,www.amazon.com,Kindle E-reader,G093KM05425503M5,4586150041,E-Book Sample,13700,10
2026-02-21T05:46:02Z,2026-02-21T05:58:46Z,225DCE15EFF44547BF43D741F95DA6BF,,www.amazon.com,Kindle E-reader,G093KM05425503M5,4586150041,Personal Document,763500,13
2025-09-30T16:11:20Z,2025-09-30T16:11:29Z,B00O1E3XYQ,www.amazon.com,www.amazon.com,Kindle E-reader,G093KM05425503M5,4466650029,E-Book,8600,1
2026-06-04T09:46:06Z,2026-06-04T09:55:42Z,740A4726C2A34CBAA8C20AC672F5D604,,www.amazon.com,Kindle E-reader,G093KM05425503M5,4670750040,Personal Document,576500,16
2025-06-26T22:02:36Z,2025-06-26T22:02:52Z,EA9A179BAD4D4466B1E597489FFC099C,,www.amazon.com,Kindle E-reader,G093KM05425503M5,4446290017,Personal Document,16200,1
2025-06-07T19:28:24Z,2025-06-07T19:29:27Z,B0C5879F526A41B087D19B2C20C6E531,,www.amazon.com,Kindle E-reader,G093KM05425503M5,4417570025,Personal Document,63200,2
2025-10-25T10:06:48Z,2025-10-25T10:16:48Z,73A796BDD6EF4375A531DBB4A9113875,,www.amazon.com,Kindle E-reader,G093KM05425503M5,4556790001,Personal Document,600000,1
2025-06-28T13:07:53Z,2025-06-28T13:07:57Z,B08M968WT1,,www.amazon.com,Kindle E-reader,G093KM05425503M5,4446290017,E-Book Sample,3700,1
Not Available,2025-10-22T15:51:51Z,73A796BDD6EF4375A531DBB4A9113875,,www.amazon.com,Kindle E-reader,G093KM05425503M5,,Personal Document,,
2026-02-23T03:05:52Z,2026-02-23T03:24:02Z,225DCE15EFF44547BF43D741F95DA6BF,,www.amazon.com,Kindle E-reader,G093KM05425503M5,4586150041,Personal Document,1090300,24
Not Available,2025-12-10T11:08:25Z,73A796BDD6EF4375A531DBB4A9113875,,www.amazon.com,,0B671A09510D489380FB769AAF4CF99C,,Personal Document,,
